10.1002/anie.201907614,2019-12-09T12:00:00-08:00,,,,,,
10.1002/anie.201911300,2019-12-09T12:00:00-08:00,,,,,,
10.1002/anie.201911097,2019-12-09T12:00:00-08:00,,,,,,
10.1002/anie.201909214,2019-12-09T12:00:00-08:00,,,,,,
10.1002/anie.201907245,2019-12-09T12:00:00-08:00,,,,,,
10.1002/anie.201911035,2019-12-09T12:00:00-08:00,,,,,,
10.1002/anie.201911153,2019-12-09T12:00:00-08:00,,,,,,
10.1002/anie.201912219,2019-12-09T12:00:00-08:00,,,,,,
10.1002/anie.201911323,2019-12-09T12:00:00-08:00,,,,,,
10.1002/anie.201912629,2019-12-09T12:00:00-08:00,,,,,,
10.1002/anie.201909308,2019-12-09T12:00:00-08:00,,,,,,
10.1002/anie.201909479,2019-12-09T12:00:00-08:00,,,,,,
10.1002/anie.201911800,2019-12-09T12:00:00-08:00,,,,,,
10.1002/anie.201911730,2019-12-09T12:00:00-08:00,,,,,,
10.1002/anie.201908914,2019-12-09T12:00:00-08:00,,,,,,
10.1002/anie.201912088,2019-12-09T12:00:00-08:00,,,,,,
10.1002/anie.201910898,2019-12-09T12:00:00-08:00,,,,,,
10.1002/anie.201910200,2019-12-09T12:00:00-08:00,,,,,,
10.1002/anie.201910872,2019-12-09T12:00:00-08:00,,,,,,
10.1002/anie.201911366,2019-12-09T12:00:00-08:00,,,,,,
10.1002/anie.201911796,2019-12-09T12:00:00-08:00,,,,,,
10.1002/anie.201912785,2019-12-09T12:00:00-08:00,,,,,,
10.1002/anie.201912161,2019-12-09T12:00:00-08:00,,,,,,
10.1002/anie.201910428,2019-12-09T12:00:00-08:00,,,,,,
10.1002/anie.201910427,2019-12-09T12:00:00-08:00,,,,,,
10.1002/anie.201910734,2019-12-09T12:00:00-08:00,,,,,,
10.1002/anie.201910352,2019-12-09T12:00:00-08:00,,,,,,
10.1002/anie.201910287,2019-12-09T12:00:00-08:00,,,,,,
10.1002/anie.201912338,2019-12-09T12:00:00-08:00,,,,,,
10.1002/anie.201912570,2019-12-09T12:00:00-08:00,,,,,,
10.1002/anie.201908458,2019-12-09T12:00:00-08:00,,,,,,
10.1002/anie.201908690,2019-12-09T12:00:00-08:00,,,,,,
10.1002/anie.201910214,2019-12-09T12:00:00-08:00,,,,,,
10.1002/anie.201910691,2019-12-09T12:00:00-08:00,,,,,,
10.1002/anie.201901564,2019-12-09T12:00:00-08:00,,,,,,
10.1002/anie.201909477,2019-12-09T12:00:00-08:00,,,,,,
10.1002/anie.201902552,2019-12-09T12:00:00-08:00,,,,,,
10.1002/anie.201910169,2019-12-09T12:00:00-08:00,,,,,,
10.1002/anie.201912367,2019-12-09T12:00:00-08:00,,,,,,
10.1002/anie.201910815,2019-12-09T12:00:00-08:00,,,,,,
10.1002/anie.201910749,2019-12-09T12:00:00-08:00,,,,,,
10.1002/anie.201911544,2019-12-09T12:00:00-08:00,,,,,,
10.1002/anie.201911164,2019-12-09T12:00:00-08:00,,,,,,
10.1002/anie.201911470,2019-12-09T12:00:00-08:00,,,,,,
10.1002/anie.201912399,2019-12-09T12:00:00-08:00,,,,,,
10.1002/anie.201910603,2019-12-09T12:00:00-08:00,,,,,,
10.1002/anie.201909074,2019-12-09T12:00:00-08:00,,,,,,
10.1002/anie.201911383,2019-12-09T12:00:00-08:00,,,,,,
10.1002/anie.201908258,2019-12-09T12:00:00-08:00,,,,,,
10.1002/anie.201908998,2019-12-09T12:00:00-08:00,,,,,,
10.1002/anie.201910379,2019-12-09T12:00:00-08:00,,,,,,
10.1002/anie.201910993,2019-12-09T12:00:00-08:00,,,,,,
10.1002/anie.201911746,2019-12-09T12:00:00-08:00,,,,,,
10.1002/anie.201908805,2019-12-09T12:00:00-08:00,,,,,,
10.1002/anie.201911419,2019-12-09T12:00:00-08:00,,,,,,
10.1002/anie.201909759,2019-12-09T12:00:00-08:00,,,,,,
10.1002/anie.201909137,2019-12-09T12:00:00-08:00,,,,,,
10.1002/anie.201911875,2019-12-09T12:00:00-08:00,,,,,,
10.1002/anie.201985161,2019-12-09T12:00:00-08:00,,,,,,
10.1002/anie.201914720,2019-12-09T12:00:00-08:00,,,,,,
10.1002/anie.201914496,2019-12-09T12:00:00-08:00,,,,,,
10.1002/anie.201913846,2019-12-09T12:00:00-08:00,,,,,,
10.1002/anie.201914556,2019-12-09T12:00:00-08:00,,,,,,
10.1002/anie.201985111,2019-12-09T12:00:00-08:00,,,,,,
10.1002/anie.201913486,2019-12-09T12:00:00-08:00,,,,,,
10.1002/anie.201915534,2019-12-11T04:44:31-08:00,,,,,,
10.1002/anie.201913748,2019-12-11T04:45:46-08:00,,,,,,
10.1002/anie.201912962,2019-12-11T06:21:45-08:00,,,,,,
10.1002/anie.201914494,2019-12-11T07:51:10-08:00,,,,,,
10.1002/anie.201913704,2019-12-11T08:40:33-08:00,,,,,,
10.1002/anie.201914840,2019-12-11T08:41:26-08:00,,,,,,
10.1002/anie.201914263,2019-12-11T09:10:24-08:00,,,,,,
10.1002/anie.201914386,2019-12-11T10:03:42-08:00,,,,,,
10.1002/anie.201912719,2019-12-11T01:10:24-08:00,,,,,,
10.1002/anie.201914193,2019-12-11T07:10:11-08:00,,,,,,
10.1002/anie.201914671,2019-12-11T07:14:49-08:00,,,,,,
10.1002/anie.201913847,2019-12-11T07:16:43-08:00,,,,,,
10.1002/anie.201913314,2019-12-11T07:38:18-08:00,,,,,,
10.1002/anie.201915502,2019-12-11T07:39:58-08:00,,,,,,
10.1002/anie.201915828,2019-12-11T07:40:00-08:00,,,,,,
10.1002/anie.201913035,2019-12-11T08:39:12-08:00,,,,,,
10.1002/anie.201911825,2019-12-11T08:40:01-08:00,,,,,,
10.1002/anie.201913687,2019-12-11T08:40:45-08:00,,,,,,
10.1002/anie.201913825,2019-12-11T09:09:17-08:00,,,,,,
10.1002/anie.201911385,2019-12-11T10:41:29-08:00,,,,,,
10.1002/anie.201914331,2019-12-11T11:39:53-08:00,,,,,,
10.1002/anie.201914760,2019-12-12T12:00:00-08:00,,,,,,
10.1002/anie.201913453,2019-12-12T12:11:56-08:00,,,,,,
10.1002/anie.201911400,2019-12-12T03:31:01-08:00,,,,,,
10.1002/anie.201912315,2019-12-12T03:31:34-08:00,,,,,,
10.1002/anie.201912805,2019-12-12T03:31:35-08:00,,,,,,
10.1002/anie.201910436,2019-12-12T03:31:54-08:00,,,,,,
10.1002/anie.201912055,2019-12-12T03:32:09-08:00,,,,,,
10.1002/anie.201913010,2019-12-12T03:33:00-08:00,,,,,,
10.1002/anie.201913054,2019-12-12T03:33:01-08:00,,,,,,
10.1002/anie.201912534,2019-12-12T03:33:01-08:00,,,,,,
10.1002/anie.201912286,2019-12-12T03:33:33-08:00,,,,,,
10.1002/anie.201912567,2019-12-12T03:33:47-08:00,,,,,,
10.1002/anie.201912363,2019-12-12T03:33:58-08:00,,,,,,
10.1002/anie.201915346,2019-12-12T03:34:29-08:00,,,,,,
10.1002/anie.201911510,2019-12-12T03:34:50-08:00,,,,,,
10.1002/anie.201912994,2019-12-12T03:34:53-08:00,,,,,,
10.1002/anie.201912484,2019-12-12T03:34:54-08:00,,,,,,
10.1002/anie.201912241,2019-12-12T03:35:44-08:00,,,,,,
10.1002/anie.201913625,2019-12-12T03:37:15-08:00,,,,,,
10.1002/anie.201913904,2019-12-12T04:10:22-08:00,2020-Mar-23,2020-Mar-24,2020-Mar-25,2020-Mar-27,2020-Mar-30,2020-Mar-31
10.1002/anie.201913953,2019-12-12T04:40:01-08:00,,,,,,
10.1002/anie.201914868,2019-12-12T05:09:21-08:00,,,,,,
10.1002/anie.201914878,2019-12-12T06:41:11-08:00,2020-Mar-23,2020-Mar-24,2020-Mar-25,2020-Mar-27,2020-Mar-30,2020-Mar-31
10.1002/anie.201913533,2019-12-12T06:41:11-08:00,,,,,,
10.1002/anie.201910180,2019-12-12T07:38:49-08:00,,,,,,
10.1002/anie.201914986,2019-12-12T09:12:49-08:00,,,,,,
10.1002/anie.201915656,2019-12-12T06:44:20-08:00,,,,,,
10.1002/anie.201914219,2019-12-13T12:00:00-08:00,2020-Mar-23,2020-Mar-24,2020-Mar-25,2020-Mar-27,2020-Mar-30,2020-Mar-31
10.1002/anie.201914339,2019-12-13T12:00:00-08:00,2020-Mar-23,2020-Mar-24,2020-Mar-25,2020-Mar-27,2020-Mar-30,2020-Mar-31
10.1002/anie.201911213,2019-12-13T12:00:00-08:00,,,,,,
10.1002/anie.201913802,2019-12-13T02:10:24-08:00,,,,,,
10.1002/anie.201914762,2019-12-13T03:17:33-08:00,,,,,,
10.1002/anie.201915593,2019-12-13T03:39:55-08:00,,,,,,
10.1002/anie.201915467,2019-12-13T03:40:08-08:00,,,,,,
10.1002/anie.201912824,2019-12-13T03:41:38-08:00,,,,,,
10.1002/anie.201911896,2019-12-13T03:43:00-08:00,,,,,,
10.1002/anie.201913210,2019-12-13T03:43:53-08:00,,,,,,
10.1002/anie.201913022,2019-12-13T03:46:17-08:00,,,,,,
10.1002/anie.201911462,2019-12-13T03:46:27-08:00,,,,,,
10.1002/anie.201909158,2019-12-13T03:49:35-08:00,,,,,,
10.1002/anie.201906303,2019-12-13T03:50:11-08:00,2020-Mar-23,2020-Mar-24,2020-Mar-25,2020-Mar-27,2020-Mar-30,2020-Mar-31
10.1002/anie.201914548,2019-12-13T03:52:51-08:00,,,,,,
10.1002/anie.201914088,2019-12-13T03:53:30-08:00,2020-Mar-23,2020-Mar-24,2020-Mar-25,2020-Mar-27,2020-Mar-30,2020-Mar-31
10.1002/anie.201915046,2019-12-13T03:54:21-08:00,,,,,,
10.1002/anie.201915591,2019-12-13T04:03:36-08:00,,,,,,
10.1002/anie.201915590,2019-12-13T04:03:37-08:00,,,,,,
10.1002/anie.201915098,2019-12-13T04:44:25-08:00,,,,,,
10.1002/anie.201914338,2019-12-13T06:13:00-08:00,2020-Mar-19,2020-Mar-20,,,,
10.1002/anie.201912845,2019-12-13T06:16:01-08:00,,,,,,
10.1002/anie.201915118,2019-12-13T09:16:26-08:00,,,,,,
10.1002/anie.201913555,2019-12-14T12:45:20-08:00,,,,,,
10.1002/anie.201913069,2019-12-14T12:13:42-08:00,,,,,,
10.1002/anie.201914743,2019-12-14T12:43:37-08:00,,,,,,
10.1002/anie.201914798,2019-12-14T12:49:35-08:00,2020-Mar-23,2020-Mar-24,2020-Mar-25,2020-Mar-27,2020-Mar-30,2020-Mar-31
10.1002/anie.201913174,2019-12-15T06:55:43-08:00,,,,,,
10.1002/anie.201913574,2019-12-15T06:56:11-08:00,2020-Mar-23,2020-Mar-24,2020-Mar-25,2020-Mar-27,2020-Mar-30,2020-Mar-31
10.1002/anie.201910629,2019-12-15T09:51:32-08:00,,,,,,
10.1002/anie.201914853,2019-12-15T09:52:34-08:00,,,,,,
10.1002/anie.201913590,2019-12-15T11:19:42-08:00,2020-Mar-23,2020-Mar-24,2020-Mar-25,2020-Mar-27,2020-Mar-30,2020-Mar-31
10.1002/anie.202002409,none,,,,,,
10.1002/anie.202000983,none,,,,,,
10.1002/anie.202000162,none,,,,,,
10.1002/anie.202000035,none,,,,,,
10.1002/anie.201915296,none,,,,,,
10.1002/anie.202001100,none,,,,,,
10.1002/anie.201916708,none,,,,,,
10.1002/anie.202000138,none,,,,,,
10.1002/anie.202000651,none,,,,,,
10.1002/anie.201916261,none,,,,,,
10.1002/anie.202002843,none,,,,,,
10.1002/anie.201914645,none,,,,,,
10.1002/anie.201916088,none,,,,,,
10.1002/anie.201916193,none,,,,,,
10.1002/anie.202000910,none,,,,,,
10.1002/anie.202000585,none,,,,,,
10.1002/anie.201915882,none,,,,,,
10.1002/anie.202002536,none,,,,,,
10.1002/anie.202000628,none,,,,,,
10.1002/anie.202001679,none,,,,,,
10.1002/anie.202000023,none,,,,,,
10.1002/anie.202000503,none,,,,,,
10.1002/anie.202002915,none,,,,,,
10.1002/anie.202002328,none,,,,,,
10.1002/anie.202000845,none,,,,,,
10.1002/anie.201916712,none,,,,,,
10.1002/anie.202000424,none,,,,,,
10.1002/anie.202000555,none,,,,,,
10.1002/anie.202001286,none,,,,,,
10.1002/anie.201915132,none,,,,,,
10.1002/anie.201915826,none,,,,,,
10.1002/anie.201916305,none,,,,,,
10.1002/anie.202000762,none,,,,,,
10.1002/anie.202001539,none,,,,,,
10.1002/anie.202001024,none,,,,,,
10.1002/anie.202001904,none,,,,,,
10.1002/anie.202001204,none,,,,,,
10.1002/anie.202001388,none,,,,,,
10.1002/anie.201916651,none,,,,,,
10.1002/anie.201916359,none,,,,,,
10.1002/anie.202000045,none,,,,,,
10.1002/anie.202000012,none,,,,,,
10.1002/anie.202001141,none,,,,,,
10.1002/anie.201915352,none,,,,,,
10.1002/anie.201916240,none,,,,,,
10.1002/anie.201916415,none,,,,,,
10.1002/anie.202000051,none,,,,,,
10.1002/anie.201915418,none,,,,,,
10.1002/anie.201911255,none,,,,,,
10.1002/anie.202000650,none,,,,,,
10.1002/anie.202001216,none,,,,,,
10.1002/anie.202002534,none,,,,,,
10.1002/anie.202001241,none,,,,,,
10.1002/anie.201916020,none,,,,,,
10.1002/anie.202001783,none,,,,,,
10.1002/anie.202000488,none,,,,,,
10.1002/anie.202000048,none,,,,,,
10.1002/anie.202000909,none,,,,,,
10.1002/anie.202000792,none,,,,,,
10.1002/anie.202000174,none,,,,,,
10.1002/anie.201914473,none,,,,,,
10.1002/anie.201914819,none,,,,,,
10.1002/anie.201916524,none,,,,,,
10.1002/anie.202000029,none,,,,,,
10.1002/anie.201915401,none,,,,,,
10.1002/anie.202002399,none,,,,,,
10.1002/anie.202000108,none,,,,,,
10.1002/anie.201916492,none,,,,,,
10.1002/anie.202002289,none,,,,,,
10.1002/anie.202000217,none,,,,,,
10.1002/anie.201915846,none,,,,,,
10.1002/anie.202001419,none,,,,,,
10.1002/anie.201916681,none,,,,,,
10.1002/anie.201914751,none,,,,,,
10.1002/anie.201915654,none,,,,,,
10.1002/anie.202000352,none,,,,,,
10.1002/anie.201916707,none,,,,,,
10.1002/anie.202001042,none,,,,,,
10.1002/anie.201911638,none,,,,,,
10.1002/anie.201916379,none,,,,,,
10.1002/anie.201913522,none,,,,,,
10.1002/anie.202002647,none,,,,,,
10.1002/anie.202001694,none,,,,,,
10.1002/anie.202000173,none,,,,,,
10.1002/anie.202001742,none,,,,,,
10.1002/anie.202002238,none,,,,,,
10.1002/anie.202001930,none,,,,,,
10.1002/anie.201915802,none,,,,,,
10.1002/anie.201915153,none,,,,,,
10.1002/anie.202001103,none,,,,,,
10.1002/anie.201913249,none,,,,,,
10.1002/anie.202002555,none,,,,,,
10.1002/anie.202000383,none,,,,,,
10.1002/anie.202000451,none,,,,,,
10.1002/anie.201915488,none,,,,,,
10.1002/anie.202002009,none,,,,,,
10.1002/anie.202001055,none,,,,,,
10.1002/anie.201915181,none,,,,,,
10.1002/anie.202000771,none,,,,,,
10.1002/anie.202001047,none,,,,,,
10.1002/anie.202000442,none,,,,,,
10.1002/anie.202000044,none,,,,,,
10.1002/anie.202001697,none,,,,,,
10.1002/anie.202001258,none,,,,,,
10.1002/anie.202001465,none,,,,,,
10.1002/anie.202000710,none,,,,,,
10.1002/anie.202001262,none,,,,,,
10.1002/anie.202001169,none,,,,,,
10.1002/anie.202002827,none,,,,,,
10.1002/anie.202001589,none,,,,,,
10.1002/anie.201912592,none,,,,,,
10.1002/anie.201912416,none,,,,,,
10.1002/anie.201916131,none,,,,,,
10.1002/anie.201914500,none,,,,,,
10.1002/anie.202000589,none,,,,,,
10.1002/anie.201915191,none,,,,,,
10.1002/anie.201916518,none,,,,,,
10.1002/anie.201914877,none,,,,,,
10.1002/anie.201914377,none,,,,,,
10.1002/anie.201914680,none,,,,,,
10.1002/anie.202000181,none,,,,,,
10.1002/anie.201915438,none,,,,,,
10.1002/anie.201913621,none,,,,,,
10.1002/anie.201916043,none,,,,,,
10.1002/anie.201911364,none,,,,,,
10.1002/anie.201914354,none,,,,,,
10.1002/anie.201915895,none,,,,,,
10.1002/anie.201916529,none,,,,,,
10.1002/anie.201916520,none,,,,,,
10.1002/anie.201916332,none,,,,,,
10.1002/anie.201916073,none,,,,,,
10.1002/anie.201914953,none,,,,,,
10.1002/anie.202000406,none,,,,,,
10.1002/anie.201914747,none,,,,,,
10.1002/anie.201915470,none,,,,,,
10.1002/anie.201913305,none,,,,,,
10.1002/anie.201914654,none,,,,,,
10.1002/anie.201914151,none,,,,,,
10.1002/anie.201906379,none,,,,,,
10.1002/anie.201910309,none,,,,,,
10.1002/anie.201900666,none,,,,,,
10.1002/anie.201914830,none,,,,,,
10.1002/anie.202081262,none,,,,,,
10.1002/anie.202000870,none,,,,,,
10.1002/anie.202002283,none,,,,,,
10.1002/anie.202002338,none,,,,,,
10.1002/anie.202002155,none,,,,,,
10.1002/anie.202081211,none,,,,,,
10.1002/anie.202001537,none,,,,,,
10.1002/anie.201914970,none,,,,,,
10.1002/anie.201912051,none,,,,,,
10.1002/anie.202000343,none,,,,,,
10.1002/anie.201915836,none,,,,,,
10.1002/anie.201915212,none,,,,,,
10.1002/anie.201915694,none,,,,,,
10.1002/anie.201915624,none,,,,,,
10.1002/anie.201915744,none,,,,,,
10.1002/anie.201916287,none,,,,,,
10.1002/anie.201914119,none,,,,,,
10.1002/anie.201915279,none,,,,,,
10.1002/anie.201915084,none,,,,,,
10.1002/anie.201913539,none,,,,,,
10.1002/anie.201913030,none,,,,,,
10.1002/anie.201914742,none,,,,,,
10.1002/anie.201914120,none,,,,,,
10.1002/anie.201914245,none,,,,,,
10.1002/anie.201912293,none,,,,,,
10.1002/anie.201915164,none,,,,,,
10.1002/anie.201916538,none,,,,,,
10.1002/anie.201916039,none,,,,,,
10.1002/anie.201911615,none,,,,,,
10.1002/anie.201914975,none,,,,,,
10.1002/anie.201914565,none,,,,,,
10.1002/anie.202001148,none,,,,,,
10.1002/anie.201916613,none,,,,,,
10.1002/anie.202002339,none,,,,,,
10.1002/anie.202002869,none,,,,,,
10.1002/anie.202002748,none,,,,,,
10.1002/anie.202002665,none,,,,,,
10.1002/anie.202000209,none,,,,,,
10.1002/anie.201915030,none,,,,,,
10.1002/anie.202000700,none,,,,,,
10.1002/anie.201914864,none,,,,,,
10.1002/anie.201915760,none,,,,,,
10.1002/anie.202000608,none,,,,,,
10.1002/anie.201915021,none,,,,,,
10.1002/anie.202002935,none,,,,,,
10.1002/anie.202000940,none,,,,,,
10.1002/anie.202002258,none,,,,,,
10.1002/anie.201916395,none,,,,,,
10.1002/anie.202001036,none,,,,,,
10.1002/anie.202001267,none,,,,,,
10.1002/anie.201916396,none,,,,,,
10.1002/anie.201915944,none,,,,,,
10.1002/anie.201915414,none,,,,,,
10.1002/anie.201914896,none,,,,,,
10.1002/anie.201914053,none,,,,,,
10.1002/anie.201915917,none,,,,,,
10.1002/anie.202000998,none,,,,,,
10.1002/anie.201915853,none,,,,,,
10.1002/anie.202000188,none,,,,,,
10.1002/anie.201916481,none,,,,,,
10.1002/anie.202003197,none,,,,,,
10.1002/anie.202000556,none,,,,,,
10.1002/anie.202000586,none,,,,,,
10.1002/anie.202000523,none,,,,,,
10.1002/anie.202000637,none,,,,,,
10.1002/anie.201916004,none,,,,,,
10.1002/anie.202000226,none,,,,,,
10.1002/anie.202000947,none,,,,,,
10.1002/anie.202002028,none,,,,,,
10.1002/anie.202001733,none,,,,,,
10.1002/anie.202001675,none,,,,,,
10.1002/anie.202000025,none,,,,,,
10.1002/anie.202000314,none,,,,,,
10.1002/anie.202000532,none,,,,,,
10.1002/anie.201915962,none,,,,,,
10.1002/anie.201914876,none,,,,,,
10.1002/anie.202002657,none,,,,,,
10.1002/anie.201916480,none,,,,,,
10.1002/anie.202000110,none,,,,,,
10.1002/anie.202001423,none,,,,,,
10.1002/anie.202000073,none,,,,,,
10.1002/anie.201915803,none,,,,,,
10.1002/anie.201915519,none,,,,,,
10.1002/anie.201913407,none,,,,,,
10.1002/anie.201915705,none,,,,,,
10.1002/anie.201916124,none,,,,,,
10.1002/anie.201911780,none,,,,,,
10.1002/anie.201915493,none,,,,,,
10.1002/anie.202001956,none,,,,,,
10.1002/anie.202002049,none,,,,,,
10.1002/anie.202002291,none,,,,,,
10.1002/anie.202002312,none,,,,,,
10.1002/anie.202002595,none,,,,,,
10.1002/anie.202001855,none,,,,,,
10.1002/anie.202002416,none,,,,,,
10.1002/anie.201916076,none,,,,,,
10.1002/anie.202000632,none,,,,,,
10.1002/anie.201915526,none,,,,,,
10.1002/anie.201916704,none,,,,,,
10.1002/anie.201915737,none,,,,,,
10.1002/anie.202000307,none,,,,,,
10.1002/anie.201915837,none,,,,,,
10.1002/anie.201916400,none,,,,,,
10.1002/anie.201914458,none,,,,,,
10.1002/anie.201916025,none,,,,,,
10.1002/anie.202000105,none,,,,,,
10.1002/anie.201914575,none,,,,,,
10.1002/anie.202000375,none,,,,,,
10.1002/anie.202000899,none,,,,,,
10.1002/anie.202001373,none,,,,,,
10.1002/anie.201916201,none,,,,,,
10.1002/anie.202001354,none,,,,,,
10.1002/anie.201914994,none,,,,,,
10.1002/anie.202002295,none,,,,,,
10.1002/anie.201915651,none,,,,,,
10.1002/anie.202000892,none,,,,,,
10.1002/anie.202002705,none,,,,,,
10.1002/anie.202002306,none,,,,,,
10.1002/anie.202002032,none,,,,,,
10.1002/anie.202002392,none,,,,,,
10.1002/anie.202001300,none,,,,,,
10.1002/anie.201916718,none,,,,,,
10.1002/anie.201916530,none,,,,,,
10.1002/anie.202001803,none,,,,,,
10.1002/anie.201915772,none,,,,,,
10.1002/anie.202000961,none,,,,,,
10.1002/anie.201915821,none,,,,,,
10.1002/anie.202001292,none,,,,,,
10.1002/anie.201914037,none,,,,,,
10.1002/anie.202001440,none,,,,,,
10.1002/anie.202001142,none,,,,,,
10.1002/anie.202000723,none,,,,,,
10.1002/anie.201916321,none,,,,,,
10.1002/anie.202001083,none,,,,,,
10.1002/anie.202001186,none,,,,,,
10.1002/anie.202000129,none,,,,,,
10.1002/anie.202000319,none,,,,,,
10.1002/anie.201915454,none,,,,,,
10.1002/anie.202001634,none,,,,,,
10.1002/anie.201915824,none,,,,,,
10.1002/anie.202001935,none,,,,,,
10.1002/anie.202001578,none,,,,,,
10.1002/anie.202002477,none,,,,,,
10.1002/anie.202003326,none,,,,,,
10.1002/anie.202002387,none,,,,,,
10.1002/anie.202002723,none,,,,,,
10.1002/anie.202002467,none,,,,,,
10.1002/anie.201916447,none,,,,,,
10.1002/anie.202000185,none,,,,,,
10.1002/anie.201916622,none,,,,,,
10.1002/anie.201915557,none,,,,,,
10.1002/anie.202003292,none,,,,,,
10.1002/anie.202002941,none,,,,,,
10.1002/anie.201915055,none,,,,,,
10.1002/anie.202002389,none,,,,,,
10.1002/anie.202000953,none,,,,,,
10.1002/anie.201916058,none,,,,,,
10.1002/anie.202000059,none,,,,,,
10.1002/anie.201916592,none,,,,,,
10.1002/anie.202000951,none,,,,,,
10.1002/anie.201913132,none,,,,,,
10.1002/anie.202001703,none,,,,,,
10.1002/anie.202000416,none,,,,,,
10.1002/anie.202003127,none,,,,,,
10.1002/anie.201916254,none,,,,,,
10.1002/anie.202002593,none,,,,,,
10.1002/anie.202002721,none,,,,,,
10.1002/anie.202000493,none,,,,,,
10.1002/anie.202002976,none,,,,,,
10.1002/anie.202001363,none,,,,,,
10.1002/anie.202000802,none,,,,,,
10.1002/anie.201915777,none,,,,,,
10.1002/anie.202000062,none,,,,,,
10.1002/anie.202001379,none,,,,,,
10.1002/anie.202002514,none,,,,,,
10.1002/anie.201916402,none,,,,,,
10.1002/anie.202002422,none,,,,,,
10.1002/anie.202002051,none,,,,,,
10.1002/anie.202001919,none,,,,,,
10.1002/anie.202000039,none,,,,,,
10.1002/anie.202000702,none,,,,,,
10.1002/anie.202001369,none,,,,,,
10.1002/anie.202001725,none,,,,,,
10.1002/anie.201916493,none,,,,,,
10.1002/anie.202002309,none,,,,,,
10.1002/anie.201916515,none,,,,,,
10.1002/anie.201912935,none,,,,,,
10.1002/anie.201915168,none,,,,,,
10.1002/anie.201915992,none,,,,,,
10.1002/anie.202000054,none,,,,,,
10.1002/anie.201910743,none,,,,,,
10.1002/anie.201913112,none,,,,,,
10.1002/anie.201913287,none,,,,,,
10.1002/anie.201916534,none,,,,,,
10.1002/anie.201914414,none,,,,,,
10.1002/anie.201914395,none,,,,,,
10.1002/anie.202000587,none,,,,,,
10.1002/anie.201915900,none,,,,,,
10.1002/anie.201915022,none,,,,,,
10.1002/anie.201915459,none,,,,,,
10.1002/anie.201916682,none,,,,,,
10.1002/anie.201914517,none,,,,,,
10.1002/anie.201915864,none,,,,,,
10.1002/anie.201916423,none,,,,,,
10.1002/anie.201916041,none,,,,,,
10.1002/anie.201914542,none,,,,,,
10.1002/anie.201915537,none,,,,,,
10.1002/anie.201915844,none,,,,,,
10.1002/anie.201915840,none,,,,,,
10.1002/anie.201915278,none,,,,,,
10.1002/anie.201913893,none,,,,,,
10.1002/anie.201914958,none,,,,,,
10.1002/anie.201914955,none,,,,,,
10.1002/anie.201912452,none,,,,,,
10.1002/anie.201915632,none,,,,,,
10.1002/anie.201916129,none,,,,,,
10.1002/anie.201914315,none,,,,,,
10.1002/anie.201909909,none,,,,,,
10.1002/anie.201904291,none,,,,,,
10.1002/anie.201902900,none,,,,,,
10.1002/anie.201914858,none,,,,,,
10.1002/anie.202001420,none,,,,,,
10.1002/anie.202081361,none,,,,,,
10.1002/anie.202002169,none,,,,,,
10.1002/anie.202001277,none,,,,,,
10.1002/anie.202000641,none,,,,,,
10.1002/anie.202081311,none,,,,,,
10.1002/anie.202000826,none,,,,,,
10.1002/anie.202001925,none,,,,,,
10.1002/anie.201916000,none,,,,,,
10.1002/anie.201913975,none,,,,,,
10.1002/anie.201913781,none,,,,,,
10.1002/anie.201914966,none,,,,,,
10.1002/anie.202000224,none,,,,,,
10.1002/anie.201915075,none,,,,,,
10.1002/anie.201916012,none,,,,,,
10.1002/anie.201916257,none,,,,,,
10.1002/anie.201912182,none,,,,,,
10.1002/anie.201915170,none,,,,,,
10.1002/anie.201913552,none,,,,,,
10.1002/anie.201913675,none,,,,,,
10.1002/anie.201913058,none,,,,,,
10.1002/anie.201916471,none,,,,,,
10.1002/anie.201912921,none,,,,,,
10.1002/anie.201915848,none,,,,,,
10.1002/anie.201916149,none,,,,,,
10.1002/anie.201914836,none,,,,,,
10.1002/anie.201914649,none,,,,,,
10.1002/anie.201912883,none,,,,,,
10.1002/anie.201913135,none,,,,,,
10.1002/anie.201913683,none,,,,,,
10.1002/anie.201914175,none,,,,,,
10.1002/anie.202002639,none,,,,,,
10.1002/anie.202001544,none,,,,,,
10.1002/anie.202001191,none,,,,,,
10.1002/anie.201916204,none,,,,,,
10.1002/anie.201914555,none,,,,,,
10.1002/anie.201916732,none,,,,,,
10.1002/anie.202001516,none,,,,,,
10.1002/anie.202000678,none,,,,,,
10.1002/anie.202000684,none,,,,,,
10.1002/anie.201916710,none,,,,,,
10.1002/anie.201909339,none,,,,,,
10.1002/anie.202000681,none,,,,,,
10.1002/anie.202001326,none,,,,,,
10.1002/anie.202000670,none,,,,,,
10.1002/anie.201915425,none,,,,,,
10.1002/anie.201915358,none,,,,,,
10.1002/anie.202001350,none,,,,,,
10.1002/anie.202000992,none,,,,,,
10.1002/anie.201915953,none,,,,,,
10.1002/anie.202001438,none,,,,,,
10.1002/anie.202002717,none,,,,,,
10.1002/anie.201914728,none,,,,,,
10.1002/anie.202001599,none,,,,,,
10.1002/anie.202003125,none,,,,,,
10.1002/anie.202001657,none,,,,,,
10.1002/anie.202001640,none,,,,,,
10.1002/anie.202002288,none,,,,,,
10.1002/anie.202003160,none,,,,,,
10.1002/anie.202003688,none,,,,,,
10.1002/anie.202003607,none,,,,,,
10.1002/anie.202003610,none,,,,,,
10.1002/anie.201915063,none,,,,,,
10.1002/anie.202001201,none,,,,,,
10.1002/anie.202003609,none,,,,,,
10.1002/anie.202002576,none,,,,,,
10.1002/anie.202001677,none,,,,,,
10.1002/anie.202001922,none,,,,,,
10.1002/anie.202002923,none,,,,,,
10.1002/anie.202002774,none,,,,,,
10.1002/anie.201914276,none,,,,,,
10.1002/anie.201913578,none,,,,,,
10.1002/anie.201916171,none,,,,,,
10.1002/anie.202000617,none,,,,,,
10.1002/anie.202002828,none,,,,,,
10.1002/anie.202001271,none,,,,,,
10.1002/anie.202002020,none,,,,,,
10.1002/anie.202002762,none,,,,,,
10.1002/anie.201915074,none,,,,,,
10.1002/anie.202001582,none,,,,,,
10.1002/anie.201914070,none,,,,,,
10.1002/anie.202000848,none,,,,,,
10.1002/anie.201915747,none,,,,,,
10.1002/anie.202000545,none,,,,,,
10.1002/anie.201915931,none,,,,,,
10.1002/anie.201915386,none,,,,,,
10.1002/anie.201915814,none,,,,,,
10.1002/anie.201916147,none,,,,,,
10.1002/anie.202002403,none,,,,,,
10.1002/anie.202000548,none,,,,,,
10.1002/anie.202000831,none,,,,,,
10.1002/anie.202000655,none,,,,,,
10.1002/anie.202002899,none,,,,,,
10.1002/anie.201916007,none,,,,,,
10.1002/anie.202000421,none,,,,,,
10.1002/anie.202003437,none,,,,,,
10.1002/anie.201912616,none,,,,,,
10.1002/anie.201915855,none,,,,,,
10.1002/anie.202001211,none,,,,,,
10.1002/anie.202001015,none,,,,,,
10.1002/anie.202000838,none,,,,,,
10.1002/anie.201916053,none,,,,,,
10.1002/anie.202000677,none,,,,,,
10.1002/anie.201912659,none,,,,,,
10.1002/anie.201916316,none,,,,,,
10.1002/anie.202001059,none,,,,,,
10.1002/anie.201916260,none,,,,,,
10.1002/anie.202000124,none,,,,,,
10.1002/anie.201916484,none,,,,,,
10.1002/anie.202000865,none,,,,,,
10.1002/anie.202002447,none,,,,,,
10.1002/anie.202002768,none,,,,,,
10.1002/anie.202001364,none,,,,,,
10.1002/anie.202001704,none,,,,,,
10.1002/anie.202000795,none,,,,,,
10.1002/anie.201914921,none,,,,,,
10.1002/anie.202002368,none,,,,,,
10.1002/anie.202003811,none,,,,,,
10.1002/anie.202000570,none,,,,,,
10.1002/anie.202003623,none,,,,,,
10.1002/anie.201916398,none,,,,,,
10.1002/anie.202002727,none,,,,,,
10.1002/anie.201913435,none,,,,,,
10.1002/anie.202001149,none,,,,,,
10.1002/anie.202002337,none,,,,,,
10.1002/anie.202001681,none,,,,,,
10.1002/anie.202001798,none,,,,,,
10.1002/anie.202000937,none,,,,,,
10.1002/anie.202000935,none,,,,,,
10.1002/anie.202002417,none,,,,,,
10.1002/anie.202000907,none,,,,,,
10.1002/anie.201915977,none,,,,,,
10.1002/anie.201916005,none,,,,,,
10.1002/anie.201913686,none,,,,,,
10.1002/anie.201911758,none,,,,,,
10.1002/anie.202000065,none,,,,,,
10.1002/anie.201913840,none,,,,,,
10.1002/anie.201916595,none,,,,,,
10.1002/anie.202000292,none,,,,,,
10.1002/anie.202002850,none,,,,,,
10.1002/anie.202000361,none,,,,,,
10.1002/anie.202002089,none,,,,,,
10.1002/anie.202002621,none,,,,,,
10.1002/anie.202000385,none,,,,,,
10.1002/anie.202001067,none,,,,,,
10.1002/anie.202003631,none,,,,,,
10.1002/anie.202003427,none,,,,,,
10.1002/anie.202002446,none,,,,,,
10.1002/anie.202003253,none,,,,,,
10.1002/anie.202003842,none,,,,,,
10.1002/anie.202002644,none,,,,,,
10.1002/anie.201916352,none,,,,,,
10.1002/anie.202001069,none,,,,,,
10.1002/anie.202002713,none,,,,,,
10.1002/anie.202001741,none,,,,,,
10.1002/anie.202002948,none,,,,,,
10.1002/anie.202003118,none,,,,,,
10.1002/anie.202001178,none,,,,,,
10.1002/anie.201914888,none,,,,,,
10.1002/anie.201914596,none,,,,,,
10.1002/anie.202001383,none,,,,,,
10.1002/anie.201916406,none,,,,,,
10.1002/anie.201916722,none,,,,,,
10.1002/anie.202000829,none,,,,,,
10.1002/anie.202001162,none,,,,,,
10.1002/anie.202000894,none,,,,,,
10.1002/anie.202001471,none,,,,,,
10.1002/anie.201915500,none,,,,,,
10.1002/anie.201913603,none,,,,,,
10.1002/anie.201915709,none,,,,,,
10.1002/anie.201915942,none,,,,,,
10.1002/anie.201915870,none,,,,,,
10.1002/anie.201914620,none,,,,,,
10.1002/anie.201914988,none,,,,,,
10.1002/anie.201915731,none,,,,,,
10.1002/anie.201915161,none,,,,,,
10.1002/anie.201916419,none,,,,,,
10.1002/anie.201914220,none,,,,,,
10.1002/anie.201914775,none,,,,,,
10.1002/anie.201914154,none,,,,,,
10.1002/anie.202000414,none,,,,,,
10.1002/anie.201915400,none,,,,,,
10.1002/anie.201915646,none,,,,,,
10.1002/anie.201915456,none,,,,,,
10.1002/anie.201914490,none,,,,,,
10.1002/anie.201908063,none,,,,,,
10.1002/anie.201911126,none,,,,,,
10.1002/anie.201911795,none,,,,,,
10.1002/anie.201914046,none,,,,,,
10.1002/anie.201912613,none,,,,,,
10.1002/anie.201915155,none,,,,,,
10.1002/anie.201914716,none,,,,,,
10.1002/anie.201914215,none,,,,,,
10.1002/anie.201903197,none,,,,,,
10.1002/anie.201914844,none,,,,,,
10.1002/anie.201908154,none,,,,,,
10.1002/anie.202001375,none,,,,,,
10.1002/anie.202001374,none,,,,,,
10.1002/anie.202081462,none,,,,,,
10.1002/anie.202081461,none,,,,,,
10.1002/anie.202001279,none,,,,,,
10.1002/anie.202081411,none,,,,,,
10.1002/anie.202002600,none,,,,,,
10.1002/anie.201915255,none,,,,,,
10.1002/anie.201914343,none,,,,,,
10.1002/anie.201915034,none,,,,,,
10.1002/anie.201913708,none,,,,,,
10.1002/anie.201916507,none,,,,,,
10.1002/anie.201916483,none,,,,,,
10.1002/anie.201914559,none,,,,,,
10.1002/anie.201912745,none,,,,,,
10.1002/anie.201914101,none,,,,,,
10.1002/anie.201913712,none,,,,,,
10.1002/anie.201913955,none,,,,,,
10.1002/anie.201913079,none,,,,,,
10.1002/anie.201914061,none,,,,,,
10.1002/anie.201912705,none,,,,,,
10.1002/anie.201915486,none,,,,,,
10.1002/anie.201913798,none,,,,,,
10.1002/anie.201916116,none,,,,,,
10.1002/anie.201914929,none,,,,,,
10.1002/anie.201914613,none,,,,,,
10.1002/anie.201914666,none,,,,,,
10.1002/anie.201911531,none,,,,,,
10.1002/anie.201914571,none,,,,,,
10.1002/anie.202002651,none,,,,,,
10.1002/anie.202002844,none,,,,,,
10.1002/anie.202002464,none,,,,,,
10.1002/anie.202001561,none,,,,,,
10.1002/anie.202002484,none,,,,,,
10.1002/anie.202002364,none,,,,,,
10.1002/anie.202003032,none,,,,,,
10.1002/anie.202003360,none,,,,,,
10.1002/anie.201916103,none,,,,,,
10.1002/anie.202003673,none,,,,,,
10.1002/anie.202001863,none,,,,,,
10.1002/anie.202001844,none,,,,,,
10.1002/anie.202002693,none,,,,,,
10.1002/anie.202000945,none,,,,,,
10.1002/anie.202001520,none,,,,,,
10.1002/anie.202003605,none,,,,,,
10.1002/anie.202003541,none,,,,,,
10.1002/anie.202001302,none,,,,,,
10.1002/anie.202002518,none,,,,,,
10.1002/anie.202002141,none,,,,,,
10.1002/anie.202003136,none,,,,,,
10.1002/anie.202001510,none,,,,,,
10.1002/anie.202002782,none,,,,,,
10.1002/anie.202002440,none,,,,,,
10.1002/anie.202003071,none,,,,,,
10.1002/anie.202001454,none,,,,,,
10.1002/anie.202001250,none,,,,,,
10.1002/anie.202001706,none,,,,,,
10.1002/anie.202003004,none,,,,,,
10.1002/anie.202002311,none,,,,,,
10.1002/anie.202001824,none,,,,,,
10.1002/anie.202002508,none,,,,,,
10.1002/anie.202001439,none,,,,,,
10.1002/anie.201912217,none,,,,,,
10.1002/anie.202000528,none,,,,,,
10.1002/anie.202002366,none,,,,,,
10.1002/anie.201914284,none,,,,,,
10.1002/anie.202003387,none,,,,,,
10.1002/anie.202000740,none,,,,,,
10.1002/anie.202002246,none,,,,,,
10.1002/anie.202000675,none,,,,,,
10.1002/anie.202000426,none,,,,,,
10.1002/anie.202002384,none,,,,,,
10.1002/anie.201915374,none,,,,,,
10.1002/anie.202002019,none,,,,,,
10.1002/anie.202001868,none,,,,,,
10.1002/anie.201915433,none,,,,,,
10.1002/anie.201915407,none,,,,,,
10.1002/anie.202003079,none,,,,,,
10.1002/anie.202001231,none,,,,,,
10.1002/anie.201914919,none,,,,,,
10.1002/anie.202002861,none,,,,,,
10.1002/anie.202002487,none,,,,,,
10.1002/anie.202000835,none,,,,,,
10.1002/anie.202001452,none,,,,,,
10.1002/anie.202001854,none,,,,,,
10.1002/anie.201915287,none,,,,,,
10.1002/anie.202003946,none,,,,,,
10.1002/anie.202003010,none,,,,,,
10.1002/anie.202002904,none,,,,,,
10.1002/anie.202003867,none,,,,,,
10.1002/anie.202003863,none,,,,,,
10.1002/anie.202003882,none,,,,,,
10.1002/anie.202003885,none,,,,,,
10.1002/anie.201916474,none,,,,,,
10.1002/anie.202003878,none,,,,,,
10.1002/anie.202003880,none,,,,,,
10.1002/anie.202002014,none,,,,,,
10.1002/anie.202003884,none,,,,,,
10.1002/anie.202003866,none,,,,,,
10.1002/anie.201915100,none,,,,,,
10.1002/anie.201916111,none,,,,,,
10.1002/anie.202001744,none,,,,,,
10.1002/anie.202002714,none,,,,,,
10.1002/anie.202003093,none,,,,,,
10.1002/anie.202001580,none,,,,,,
10.1002/anie.202002391,none,,,,,,
10.1002/anie.202002323,none,,,,,,
10.1002/anie.201908625,none,,,,,,
10.1002/anie.202001223,none,,,,,,
10.1002/anie.202003799,none,,,,,,
10.1002/anie.202001508,none,,,,,,
10.1002/anie.202000943,none,,,,,,
10.1002/anie.202003392,none,,,,,,
10.1002/anie.202003042,none,,,,,,
10.1002/anie.202000618,none,,,,,,
10.1002/anie.202001184,none,,,,,,
10.1002/anie.202000859,none,,,,,,
10.1002/anie.202003070,none,,,,,,
10.1002/anie.202000988,none,,,,,,
10.1002/anie.202002797,none,,,,,,
10.1002/anie.202003674,none,,,,,,
10.1002/anie.201901491,none,,,,,,
10.1002/anie.202002256,none,,,,,,
10.1002/anie.202001793,none,,,,,,
10.1002/anie.201914718,none,,,,,,
10.1002/anie.202001160,none,,,,,,
10.1002/anie.201916727,none,,,,,,
10.1002/anie.202001737,none,,,,,,
10.1002/anie.202003220,none,,,,,,
10.1002/anie.202002527,none,,,,,,
10.1002/anie.202001637,none,,,,,,
10.1002/anie.202001145,none,,,,,,
10.1002/anie.201916385,none,,,,,,
10.1002/anie.202002733,none,,,,,,
10.1002/anie.202001224,none,,,,,,
10.1002/anie.202002560,none,,,,,,
10.1002/anie.202001031,none,,,,,,
10.1002/anie.202002300,none,,,,,,
10.1002/anie.202002646,none,,,,,,
10.1002/anie.202003034,none,,,,,,
10.1002/anie.202004458,none,,,,,,
10.1002/anie.202003484,none,,,,,,
10.1002/anie.202003478,none,,,,,,
10.1002/anie.202001758,none,,,,,,
10.1002/anie.202000812,none,,,,,,
10.1002/anie.202003632,none,,,,,,
10.1002/anie.202001268,none,,,,,,
10.1002/anie.201916314,none,,,,,,
10.1002/anie.202003550,none,,,,,,
10.1002/anie.202002900,none,,,,,,
10.1002/anie.201916218,none,,,,,,
10.1002/anie.202001571,none,,,,,,
10.1002/anie.202003083,none,,,,,,
10.1002/anie.202000239,none,,,,,,
10.1002/anie.202000255,none,,,,,,
10.1002/anie.202003959,none,,,,,,
10.1002/anie.202003009,none,,,,,,
10.1002/anie.202003493,none,,,,,,
10.1002/anie.202003102,none,,,,,,
10.1002/anie.202002886,none,,,,,,
10.1002/anie.202000657,none,,,,,,
10.1002/anie.202003481,none,,,,,,
10.1002/anie.201915619,none,,,,,,
10.1002/anie.202002025,2020-03-31T05:30:56-07:00,,,,,,
10.1002/anie.202004137,2020-03-31T05:32:04-07:00,,,,,,
10.1002/anie.202003373,2020-03-31T05:33:26-07:00,,,,,,
10.1002/anie.201916211,2020-03-31T05:45:13-07:00,,,,,,
10.1002/anie.201915650,2020-03-31T05:45:38-07:00,,,,,,
10.1002/anie.202001200,2020-03-31T05:45:45-07:00,,,,,,
10.1002/anie.202001401,2020-03-31T05:46:15-07:00,,,,,,
10.1002/anie.202001870,2020-03-31T06:55:28-07:00,,,,,,
10.1002/anie.202002650,2020-03-31T07:29:07-07:00,,,,,,
10.1002/anie.202002626,2020-03-31T01:03:47-07:00,,,,,,
10.1002/anie.202002574,2020-03-31T01:04:06-07:00,,,,,,
10.1002/anie.202001203,2020-03-31T07:00:54-07:00,,,,,,
10.1002/anie.202004284,2020-03-31T07:30:27-07:00,,,,,,
10.1002/anie.201916281,2020-04-01T12:00:00-07:00,,,,,,
10.1002/anie.201916410,2020-04-01T12:00:00-07:00,,,,,,
10.1002/anie.201914424,2020-04-01T01:35:57-07:00,,,,,,
10.1002/anie.201914233,2020-04-01T01:35:57-07:00,,,,,,
10.1002/anie.202002164,2020-04-01T01:35:57-07:00,,,,,,
10.1002/anie.202002162,2020-04-01T01:35:57-07:00,,,,,,
10.1002/anie.202002281,2020-04-01T01:35:57-07:00,,,,,,
10.1002/anie.201915774,2020-04-01T01:35:57-07:00,,,,,,
10.1002/anie.201913412,2020-04-01T01:35:57-07:00,,,,,,
10.1002/anie.201916335,2020-04-01T01:35:57-07:00,,,,,,
10.1002/anie.201916574,2020-04-01T01:35:57-07:00,,,,,,
10.1002/anie.201916387,2020-04-01T01:35:57-07:00,,,,,,
10.1002/anie.201914529,2020-04-01T01:35:57-07:00,,,,,,
10.1002/anie.201914216,2020-04-01T01:35:57-07:00,,,,,,
10.1002/anie.202081511,2020-04-01T01:35:57-07:00,,,,,,
10.1002/anie.202081561,2020-04-01T01:35:57-07:00,,,,,,
10.1002/anie.202000579,2020-04-01T01:35:57-07:00,,,,,,
10.1002/anie.202000269,2020-04-01T01:35:57-07:00,,,,,,
10.1002/anie.201915200,2020-04-01T01:35:57-07:00,,,,,,
10.1002/anie.201915130,2020-04-01T01:35:57-07:00,,,,,,
10.1002/anie.201915685,2020-04-01T01:35:57-07:00,,,,,,
10.1002/anie.201915490,2020-04-01T01:35:57-07:00,,,,,,
10.1002/anie.201916002,2020-04-01T01:35:57-07:00,,,,,,
10.1002/anie.201916432,2020-04-01T01:35:57-07:00,,,,,,
10.1002/anie.201916245,2020-04-01T01:35:57-07:00,,,,,,
10.1002/anie.201916677,2020-04-01T01:35:57-07:00,,,,,,
10.1002/anie.202000311,2020-04-01T01:35:57-07:00,,,,,,
10.1002/anie.202000299,2020-04-01T01:35:57-07:00,,,,,,
10.1002/anie.201915733,2020-04-01T01:35:57-07:00,,,,,,
10.1002/anie.201915350,2020-04-01T01:35:57-07:00,,,,,,
10.1002/anie.201915040,2020-04-01T01:35:57-07:00,,,,,,
10.1002/anie.201913970,2020-04-01T01:35:57-07:00,,,,,,
10.1002/anie.202001111,2020-04-01T01:35:57-07:00,,,,,,
10.1002/anie.201916159,2020-04-01T01:35:57-07:00,,,,,,
10.1002/anie.201916154,2020-04-01T01:35:57-07:00,,,,,,
10.1002/anie.201911477,2020-04-01T01:35:57-07:00,,,,,,
10.1002/anie.201907662,2020-04-01T01:35:57-07:00,,,,,,
10.1002/anie.201914893,2020-04-01T01:35:57-07:00,,,,,,
10.1002/anie.201914582,2020-04-01T01:35:57-07:00,,,,,,
10.1002/anie.201914271,2020-04-01T01:35:57-07:00,,,,,,
10.1002/anie.202002154,2020-04-01T01:35:57-07:00,,,,,,
10.1002/anie.202000727,2020-04-01T01:35:57-07:00,,,,,,
10.1002/anie.201915716,2020-04-01T01:35:57-07:00,,,,,,
10.1002/anie.201915217,2020-04-01T01:35:57-07:00,,,,,,
10.1002/anie.201915196,2020-04-01T01:35:57-07:00,,,,,,
10.1002/anie.201916516,2020-04-01T01:35:57-07:00,,,,,,
10.1002/anie.201916015,2020-04-01T01:35:57-07:00,,,,,,
10.1002/anie.201916753,2020-04-01T01:35:57-07:00,,,,,,
10.1002/anie.201916188,2020-04-01T01:35:57-07:00,,,,,,
10.1002/anie.201911712,2020-04-01T01:35:57-07:00,,,,,,
10.1002/anie.201902842,2020-04-01T01:35:57-07:00,,,,,,
10.1002/anie.201914826,2020-04-01T01:35:57-07:00,,,,,,
10.1002/anie.201914940,2020-04-01T01:35:57-07:00,,,,,,
10.1002/anie.201914449,2020-04-01T01:35:57-07:00,,,,,,
10.1002/anie.201914183,2020-04-01T01:35:57-07:00,,,,,,
10.1002/anie.201912683,2020-04-01T01:35:57-07:00,,,,,,
10.1002/anie.202000324,2020-04-01T01:35:57-07:00,,,,,,
10.1002/anie.202000252,2020-04-01T01:35:57-07:00,,,,,,
10.1002/anie.201915819,2020-04-01T01:35:57-07:00,,,,,,
10.1002/anie.201915671,2020-04-01T01:35:57-07:00,,,,,,
10.1002/anie.201915797,2020-04-01T01:35:57-07:00,,,,,,
10.1002/anie.201913865,2020-04-01T01:35:57-07:00,,,,,,
10.1002/anie.202001362,2020-04-01T01:35:57-07:00,,,,,,
10.1002/anie.201916611,2020-04-01T01:35:57-07:00,,,,,,
10.1002/anie.201916233,2020-04-01T01:35:57-07:00,,,,,,
10.1002/anie.201911249,2020-04-01T01:35:57-07:00,,,,,,
10.1002/anie.201912701,2020-04-01T01:37:00-07:00,,,,,,
10.1002/anie.202003879,2020-04-01T01:42:15-07:00,,,,,,
10.1002/anie.202004111,2020-04-01T01:50:20-07:00,,,,,,
10.1002/anie.202004146,2020-04-01T01:52:26-07:00,,,,,,
10.1002/anie.201914886,2020-04-01T01:52:29-07:00,,,,,,
10.1002/anie.201916142,2020-04-01T01:56:47-07:00,,,,,,
10.1002/anie.201914525,2020-04-01T02:03:59-07:00,,,,,,
10.1002/anie.201916666,2020-04-01T02:04:07-07:00,,,,,,
10.1002/anie.201916591,2020-04-01T02:11:01-07:00,,,,,,
10.1002/anie.202001794,2020-04-01T03:08:13-07:00,,,,,,
10.1002/anie.202001531,2020-04-01T05:38:00-07:00,,,,,,
10.1002/anie.202002823,2020-04-01T05:42:23-07:00,,,,,,
10.1002/anie.202004665,2020-04-06T03:33:06-07:00,,,,,,
10.1002/anie.202004650,2020-04-06T03:33:28-07:00,,,,,,
10.1002/anie.201913767,2020-04-06T03:33:56-07:00,,,,,,
10.1002/anie.202003423,2020-04-06T11:42:37-07:00,,,,,,
10.1002/anie.201915762,2020-04-07T03:06:29-07:00,,,,,,
10.1002/anie.201911898,2020-04-07T03:07:39-07:00,,,,,,
10.1002/anie.201911660,2020-04-07T03:08:50-07:00,,,,,,
10.1002/anie.202001972,2020-04-07T03:08:53-07:00,,,,,,
10.1002/anie.202000824,2020-04-07T03:09:29-07:00,,,,,,
10.1002/anie.202001906,2020-04-07T03:10:22-07:00,,,,,,
10.1002/anie.201915327,2020-04-07T09:15:01-07:00,,,,,,
10.1002/anie.202001809,2020-04-07T09:54:41-07:00,,,,,,
10.1002/anie.202004221,2020-04-08T02:26:55-07:00,,,,,,
10.1002/anie.201915618,2020-04-08T04:49:16-07:00,,,,,,
10.1002/anie.202004264,2020-04-08T05:20:09-07:00,,,,,,
10.1002/anie.202003905,2020-04-08T08:25:42-07:00,,,,,,
10.1002/anie.201915623,2020-04-08T10:55:21-07:00,,,,,,
10.1002/anie.202001830,2020-04-08T12:45:06-07:00,,,,,,
10.1002/anie.202003050,2020-04-08T06:52:08-07:00,,,,,,
10.1002/anie.202003435,2020-04-08T06:52:20-07:00,,,,,,
10.1002/anie.202003560,2020-04-08T06:53:36-07:00,,,,,,
10.1002/anie.202000154,2020-04-08T06:55:26-07:00,,,,,,
10.1002/anie.202002274,2020-04-08T08:19:09-07:00,,,,,,
10.1002/anie.202004122,2020-04-08T11:14:01-07:00,,,,,,
10.1002/anie.202004317,2020-04-08T11:14:48-07:00,,,,,,
10.1002/anie.202004679,2020-04-08T11:53:01-07:00,,,,,,
10.1002/anie.202002174,2020-04-09T12:00:00-07:00,,,,,,
10.1002/anie.201813952,2020-04-09T12:00:00-07:00,,,,,,
10.1002/anie.201913398,2020-04-09T12:00:00-07:00,,,,,,
10.1002/anie.202001152,2020-04-09T12:00:00-07:00,,,,,,
10.1002/anie.201916334,2020-04-09T12:00:00-07:00,,,,,,
10.1002/anie.201916014,2020-04-09T12:00:00-07:00,,,,,,
10.1002/anie.201914564,2020-04-09T12:00:00-07:00,,,,,,
10.1002/anie.202000704,2020-04-09T12:00:00-07:00,,,,,,
10.1002/anie.201915984,2020-04-09T12:00:00-07:00,,,,,,
10.1002/anie.201915615,2020-04-09T12:00:00-07:00,,,,,,
10.1002/anie.201915735,2020-04-09T12:00:00-07:00,,,,,,
10.1002/anie.201905521,2020-04-09T12:00:00-07:00,,,,,,
10.1002/anie.201911384,2020-04-09T12:00:00-07:00,,,,,,
10.1002/anie.202081761,2020-04-09T12:00:00-07:00,,,,,,
10.1002/anie.202081711,2020-04-09T12:00:00-07:00,,,,,,
10.1002/anie.202000103,2020-04-09T12:00:00-07:00,,,,,,
10.1002/anie.202000460,2020-04-09T12:00:00-07:00,,,,,,
10.1002/anie.201916598,2020-04-09T12:00:00-07:00,,,,,,
10.1002/anie.201914304,2020-04-09T12:00:00-07:00,,,,,,
10.1002/anie.201915465,2020-04-09T12:00:00-07:00,,,,,,
10.1002/anie.201913804,2020-04-09T12:00:00-07:00,,,,,,
10.1002/anie.201916272,2020-04-09T12:00:00-07:00,,,,,,
10.1002/anie.202004006,2020-04-09T12:19:16-07:00,,,,,,
10.1002/anie.202003131,2020-04-09T12:21:12-07:00,,,,,,
10.1002/anie.202003351,2020-04-09T01:56:42-07:00,,,,,,
10.1002/anie.202004796,2020-04-09T01:56:43-07:00,,,,,,
10.1002/anie.202002580,2020-04-09T03:38:11-07:00,,,,,,
10.1002/anie.202003053,2020-04-09T05:22:05-07:00,,,,,,
10.1002/anie.201914703,2020-04-09T05:55:58-07:00,,,,,,
10.1002/anie.201915708,2020-04-09T09:48:38-07:00,,,,,,
10.1002/anie.202003523,2020-04-09T09:50:06-07:00,,,,,,
10.1002/anie.202003829,2020-04-09T10:50:48-07:00,,,,,,
10.1002/anie.202002751,2020-04-09T12:19:11-07:00,,,,,,
10.1002/anie.202003654,2020-04-09T12:49:32-07:00,,,,,,
10.1002/anie.202002106,2020-04-09T06:48:56-07:00,,,,,,
10.1002/anie.202003687,2020-04-09T07:48:55-07:00,,,,,,
10.1002/anie.202003839,2020-04-09T09:19:25-07:00,,,,,,
10.1002/anie.202003527,2020-04-10T06:54:05-07:00,,,,,,
10.1002/anie.202004671,2020-04-10T08:20:02-07:00,,,,,,
10.1002/anie.202002669,2020-04-11T12:55:26-07:00,,,,,,
10.1002/anie.201916699,2020-04-11T12:57:14-07:00,,,,,,
10.1002/anie.202003643,2020-04-11T03:19:53-07:00,,,,,,
10.1002/anie.202001123,2020-04-11T07:54:17-07:00,,,,,,
10.1002/anie.202002177,2020-04-11T09:35:36-07:00,,,,,,
10.1002/anie.202005148,2020-04-12T06:59:11-07:00,,,,,,
10.1002/anie.202003359,2020-04-12T10:24:59-07:00,,,,,,
10.1002/anie.202000601,2020-04-13T12:54:35-07:00,,,,,,
10.1002/anie.202002977,2020-04-13T02:29:27-07:00,,,,,,
10.1002/anie.202000743,2020-04-13T02:30:21-07:00,,,,,,
10.1002/anie.202004326,2020-04-13T04:30:10-07:00,,,,,,
10.1002/anie.202004966,2020-04-13T06:59:50-07:00,,,,,,
10.1002/anie.202003563,2020-04-13T07:24:44-07:00,,,,,,
10.1002/anie.202004638,2020-04-13T09:00:16-07:00,,,,,,
10.1002/anie.202003595,2020-04-13T10:00:44-07:00,,,,,,
10.1002/anie.202003948,2020-04-13T07:00:10-07:00,,,,,,
10.1002/anie.202003897,2020-04-13T07:29:30-07:00,,,,,,
10.1002/anie.202003735,2020-04-13T07:30:10-07:00,,,,,,
10.1002/anie.202002516,2020-04-13T09:58:29-07:00,,,,,,
10.1002/anie.201915833,2020-04-13T11:59:27-07:00,,,,,,
10.1002/anie.202004241,2020-04-14T01:34:08-07:00,,,,,,
10.1002/anie.201907525,2020-04-14T01:48:28-07:00,,,,,,
10.1002/anie.202002673,2020-04-14T04:29:36-07:00,,,,,,
10.1002/anie.202004070,2020-04-14T07:30:05-07:00,,,,,,
10.1002/anie.202000818,2020-04-14T08:30:31-07:00,,,,,,
10.1002/anie.202003625,2020-04-14T08:59:41-07:00,,,,,,
10.1002/anie.202002220,2020-04-14T09:00:08-07:00,,,,,,
10.1002/anie.201914867,2020-04-14T09:59:26-07:00,,,,,,
10.1002/anie.202004104,2020-04-14T08:30:03-07:00,,,,,,
10.1002/anie.202003104,2020-04-14T08:59:31-07:00,,,,,,
10.1002/anie.202004168,2020-04-14T10:34:14-07:00,,,,,,
10.1002/anie.201904314,2020-04-14T11:33:26-07:00,,,,,,
10.1002/anie.202003883,2020-04-14T11:53:32-07:00,,,,,,
10.1002/anie.202004858,2020-04-14T11:54:43-07:00,,,,,,
10.1002/anie.201909656,2020-04-15T12:00:00-07:00,,,,,,
10.1002/anie.202004925,2020-04-15T12:07:00-07:00,,,,,,
10.1002/anie.202004938,2020-04-15T12:08:38-07:00,,,,,,
10.1002/anie.201914934,2020-04-15T12:00:00-07:00,,,,,,
10.1002/anie.201913924,2020-04-15T12:04:39-07:00,,,,,,
10.1002/anie.202002459,2020-04-15T12:58:21-07:00,,,,,,
10.1002/anie.202001740,2020-04-15T01:38:03-07:00,,,,,,
10.1002/anie.201915928,2020-04-15T02:29:24-07:00,,,,,,
10.1002/anie.202004268,2020-04-15T03:06:13-07:00,,,,,,
10.1002/anie.202004510,2020-04-15T03:06:17-07:00,,,,,,
10.1002/anie.202004321,2020-04-15T04:08:12-07:00,,,,,,
10.1002/anie.202004152,2020-04-15T05:35:02-07:00,,,,,,
10.1002/anie.202001609,2020-04-15T05:51:51-07:00,,,,,,
10.1002/anie.201908162,2020-04-15T05:55:15-07:00,,,,,,
10.1002/anie.201910989,2020-04-15T06:12:08-07:00,,,,,,
10.1002/anie.202002627,2020-04-15T08:34:07-07:00,,,,,,
10.1002/anie.202003177,2020-04-15T10:34:41-07:00,,,,,,
10.1002/anie.202003726,2020-04-15T07:04:55-07:00,,,,,,
10.1002/anie.202002780,2020-04-15T08:34:06-07:00,,,,,,
10.1002/anie.202002773,2020-04-15T08:35:35-07:00,,,,,,
10.1002/anie.202002642,2020-04-15T08:36:51-07:00,,,,,,
10.1002/anie.202003895,2020-04-15T10:04:22-07:00,,,,,,
10.1002/anie.202002641,2020-04-15T10:05:03-07:00,,,,,,
10.1002/anie.201914610,none,,,,,,
10.1002/anie.202002029,none,,,,,,
10.1002/anie.202001349,none,,,,,,
10.1002/anie.201916597,none,,,,,,
10.1002/anie.202000434,none,,,,,,
10.1002/anie.201915988,none,,,,,,
10.1002/anie.201912145,none,,,,,,
10.1002/anie.201913618,none,,,,,,
10.1002/anie.202002125,2020-04-01T08:21:42-07:00,,,,,,
10.1002/anie.202003186,2020-04-01T08:28:22-07:00,,,,,,
10.1002/anie.202004013,2020-04-01T09:59:39-07:00,,,,,,
10.1002/anie.202001135,2020-04-01T10:46:56-07:00,,,,,,
10.1002/anie.202002979,2020-04-01T08:17:37-07:00,,,,,,
10.1002/anie.202001325,2020-04-02T12:00:00-07:00,,,,,,
10.1002/anie.202000395,2020-04-02T12:00:00-07:00,,,,,,
10.1002/anie.201916760,2020-04-02T12:00:00-07:00,,,,,,
10.1002/anie.202000621,2020-04-02T12:00:00-07:00,,,,,,
10.1002/anie.202004686,2020-04-02T04:36:32-07:00,,,,,,
10.1002/anie.202000539,2020-04-02T05:29:11-07:00,,,,,,
10.1002/anie.202003288,2020-04-02T06:04:49-07:00,,,,,,
10.1002/anie.202003831,2020-04-02T07:09:24-07:00,,,,,,
10.1002/anie.202002303,2020-04-02T07:35:59-07:00,,,,,,
10.1002/anie.202004226,2020-04-02T07:36:58-07:00,,,,,,
10.1002/anie.201916449,2020-04-02T10:58:00-07:00,,,,,,
10.1002/anie.202000146,2020-04-02T11:16:14-07:00,,,,,,
10.1002/anie.201915412,2020-04-03T07:50:36-07:00,,,,,,
10.1002/anie.202001045,2020-04-03T07:50:47-07:00,,,,,,
10.1002/anie.202001407,2020-04-03T07:54:32-07:00,,,,,,
10.1002/anie.202002685,2020-04-03T08:01:43-07:00,,,,,,
10.1002/anie.202003865,2020-04-03T08:29:34-07:00,,,,,,
10.1002/anie.202003139,2020-04-03T08:29:50-07:00,,,,,,
10.1002/anie.202004627,2020-04-03T09:00:30-07:00,,,,,,
10.1002/anie.202003518,2020-04-03T09:05:06-07:00,,,,,,
10.1002/anie.202002331,2020-04-03T09:05:24-07:00,,,,,,
10.1002/anie.202003826,2020-04-03T09:20:57-07:00,,,,,,
10.1002/anie.202003635,2020-04-03T09:30:46-07:00,,,,,,
10.1002/anie.202003509,2020-04-03T10:03:13-07:00,,,,,,
10.1002/anie.202001680,2020-04-03T11:34:06-07:00,,,,,,
10.1002/anie.202003636,2020-04-03T01:04:10-07:00,,,,,,
10.1002/anie.201915788,2020-04-03T07:06:07-07:00,,,,,,
10.1002/anie.202002145,2020-04-03T10:05:45-07:00,,,,,,
10.1002/anie.201914468,2020-04-04T03:04:56-07:00,,,,,,
10.1002/anie.202003807,2020-04-04T04:33:09-07:00,,,,,,
10.1002/anie.202002724,2020-04-04T06:59:43-07:00,,,,,,
10.1002/anie.202001701,2020-04-05T07:30:40-07:00,,,,,,
10.1002/anie.202001953,2020-04-05T07:32:20-07:00,,,,,,
10.1002/anie.202003275,2020-04-05T07:32:36-07:00,,,,,,
10.1002/anie.202002455,2020-04-05T07:40:05-07:00,,,,,,
10.1002/anie.202001398,2020-04-05T09:39:31-07:00,,,,,,
10.1002/anie.201911108,2020-04-06T12:00:00-07:00,,,,,,
10.1002/anie.201915389,2020-04-06T03:00:45-07:00,,,,,,
10.1002/anie.202002362,2020-04-06T03:01:36-07:00,,,,,,
10.1002/anie.202000229,2020-04-06T03:01:41-07:00,,,,,,
10.1002/anie.202004250,2020-04-06T03:02:39-07:00,,,,,,
10.1002/anie.201915666,2020-04-06T03:03:26-07:00,,,,,,
10.1002/anie.202004305,2020-04-06T03:03:29-07:00,,,,,,
10.1002/anie.201916027,2020-04-06T03:04:01-07:00,,,,,,
10.1002/anie.202004481,2020-04-06T03:04:31-07:00,,,,,,
10.1002/anie.202001588,2020-04-06T03:05:22-07:00,,,,,,
10.1002/anie.201915290,2020-04-06T03:05:33-07:00,,,,,,
10.1002/anie.202004497,2020-04-06T03:32:22-07:00,,,,,,
10.1002/anie.202004680,2020-04-06T03:32:26-07:00,,,,,,
10.1002/anie.202004586,2020-04-06T03:32:55-07:00,,,,,,
10.1002/anie.202002680,2020-04-06T12:00:00-07:00,,,,,,
10.1002/anie.202002638,2020-04-06T06:22:12-07:00,,,,,,
10.1002/anie.202002136,2020-04-06T07:45:38-07:00,,,,,,
10.1002/anie.202000489,2020-04-06T08:11:41-07:00,,,,,,
10.1002/anie.202003745,2020-04-06T12:13:07-07:00,,,,,,
10.1002/anie.202003095,2020-04-06T12:40:02-07:00,,,,,,
10.1002/anie.202001355,2020-04-06T07:35:21-07:00,,,,,,
10.1002/anie.202002674,2020-04-07T12:00:00-07:00,,,,,,
10.1002/anie.201913218,2020-04-07T03:01:05-07:00,,,,,,
10.1002/anie.201912753,2020-04-07T03:01:05-07:00,,,,,,
10.1002/anie.201913436,2020-04-07T03:01:05-07:00,,,,,,
10.1002/anie.202000511,2020-04-07T03:01:05-07:00,,,,,,
10.1002/anie.201915509,2020-04-07T03:01:05-07:00,,,,,,
10.1002/anie.201915790,2020-04-07T03:01:05-07:00,,,,,,
10.1002/anie.201916301,2020-04-07T03:01:05-07:00,,,,,,
10.1002/anie.202000231,2020-04-07T03:01:05-07:00,,,,,,
10.1002/anie.202000473,2020-04-07T03:01:05-07:00,,,,,,
10.1002/anie.201916716,2020-04-07T03:01:05-07:00,,,,,,
10.1002/anie.201914696,2020-04-07T03:01:05-07:00,,,,,,
10.1002/anie.201915949,2020-04-07T03:01:05-07:00,,,,,,
10.1002/anie.201915440,2020-04-07T03:01:05-07:00,,,,,,
10.1002/anie.201916748,2020-04-07T03:01:05-07:00,,,,,,
10.1002/anie.201914740,2020-04-07T03:01:05-07:00,,,,,,
10.1002/anie.201912869,2020-04-07T03:01:05-07:00,,,,,,
10.1002/anie.201916270,2020-04-07T03:01:05-07:00,,,,,,
10.1002/anie.201916089,2020-04-07T03:01:05-07:00,,,,,,
10.1002/anie.201914657,2020-04-07T03:01:05-07:00,,,,,,
10.1002/anie.201915409,2020-04-07T03:01:05-07:00,,,,,,
10.1002/anie.201916510,2020-04-07T03:01:05-07:00,,,,,,
10.1002/anie.201916756,2020-04-07T03:01:05-07:00,,,,,,
10.1002/anie.201900585,2020-04-07T03:01:05-07:00,,,,,,
10.1002/anie.201912382,2020-04-07T03:01:05-07:00,,,,,,
10.1002/anie.201910634,2020-04-07T03:01:05-07:00,,,,,,
10.1002/anie.202002167,2020-04-07T03:01:05-07:00,,,,,,
10.1002/anie.202081661,2020-04-07T03:01:05-07:00,,,,,,
10.1002/anie.202081611,2020-04-07T03:01:05-07:00,,,,,,
10.1002/anie.202000119,2020-04-07T03:01:05-07:00,,,,,,
10.1002/anie.201914532,2020-04-07T03:01:05-07:00,,,,,,
10.1002/anie.201914972,2020-04-07T03:01:05-07:00,,,,,,
10.1002/anie.201914661,2020-04-07T03:01:05-07:00,,,,,,
10.1002/anie.202000929,2020-04-07T03:01:05-07:00,,,,,,
10.1002/anie.201915913,2020-04-07T03:01:05-07:00,,,,,,
10.1002/anie.201915912,2020-04-07T03:01:05-07:00,,,,,,
10.1002/anie.201913394,2020-04-07T03:01:05-07:00,,,,,,
10.1002/anie.202000690,2020-04-07T03:01:05-07:00,,,,,,
10.1002/anie.201915702,2020-04-07T03:01:05-07:00,,,,,,
10.1002/anie.201915875,2020-04-07T03:01:05-07:00,,,,,,
10.1002/anie.202001185,2020-04-07T03:01:05-07:00,,,,,,
10.1002/anie.202000505,2020-04-07T03:01:05-07:00,,,,,,
10.1002/anie.202000247,2020-04-07T03:01:05-07:00,,,,,,
10.1002/anie.201915281,2020-04-07T03:01:05-07:00,,,,,,
10.1002/anie.201915332,2020-04-07T03:01:05-07:00,,,,,,
10.1002/anie.201913958,2020-04-07T03:01:05-07:00,,,,,,
10.1002/anie.201916370,2020-04-07T03:01:05-07:00,,,,,,
10.1002/anie.202002517,2020-04-07T03:21:33-07:00,,,,,,
10.1002/anie.202000367,2020-04-07T06:33:32-07:00,,,,,,
10.1002/anie.202003115,2020-04-07T08:47:59-07:00,,,,,,
10.1002/anie.202003349,2020-04-07T10:04:49-07:00,,,,,,
10.1002/anie.201916032,2020-04-07T10:14:03-07:00,,,,,,
10.1002/anie.202003029,2020-04-07T10:18:34-07:00,,,,,,
10.1002/anie.202001576,2020-04-07T10:19:13-07:00,,,,,,
10.1002/anie.202003502,2020-04-07T12:44:05-07:00,,,,,,
10.1002/anie.202000566,2020-04-07T10:02:38-07:00,,,,,,
10.1002/anie.202004703,2020-04-07T11:14:20-07:00,,,,,,
10.1002/anie.202003402,2020-04-07T11:51:59-07:00,,,,,,
10.1002/anie.202002734,2020-04-08T02:26:48-07:00,,,,,,
10.1002/anie.202001436,2020-04-08T04:48:59-07:00,,,,,,
10.1002/anie.202004521,2020-04-08T12:00:00-07:00,,,,,,
10.1002/anie.202002118,2020-04-16T01:10:22-07:00
10.1002/anie.202002740,2020-04-16T04:04:36-07:00
10.1002/anie.202002208,2020-04-16T06:05:18-07:00
10.1002/anie.202004048,2020-04-16T07:04:20-07:00
10.1002/anie.202001966,2020-04-16T07:06:35-07:00
10.1002/anie.202003685,2020-04-16T08:34:21-07:00
10.1002/anie.202003651,2020-04-16T08:36:34-07:00
10.1002/anie.202000936,2020-04-16T09:05:22-07:00
10.1002/anie.202005341,2020-04-16T09:06:15-07:00
10.1002/anie.202004059,2020-04-16T07:09:53-07:00
10.1002/anie.202003219,2020-04-16T07:12:19-07:00
10.1002/anie.202002132,2020-04-16T08:38:15-07:00
10.1002/anie.202004002,2020-04-16T08:38:45-07:00
10.1002/anie.202002765,2020-04-16T09:03:43-07:00
10.1002/anie.202001450,2020-04-17T12:00:00-07:00
10.1002/anie.202005022,2020-04-17T02:43:36-07:00
10.1002/anie.202002687,2020-04-17T03:12:10-07:00
10.1002/anie.202003058,2020-04-17T03:18:55-07:00
10.1002/anie.201916177,2020-04-17T04:05:07-07:00
10.1002/anie.202002452,2020-04-17T07:43:27-07:00
10.1002/anie.202003143,2020-04-17T07:43:29-07:00
10.1002/anie.202003208,2020-04-17T08:34:35-07:00
10.1002/anie.202004320,2020-04-17T10:11:11-07:00
10.1002/anie.202003390,2020-04-17T12:13:08-07:00
10.1002/anie.202004464,2020-04-17T07:10:06-07:00
10.1002/anie.202000290,2020-04-17T08:43:19-07:00
10.1002/anie.202002219,2020-04-17T09:10:30-07:00
10.1002/anie.202001842,2020-04-17T11:39:50-07:00
10.1002/anie.202002710,2020-04-17T11:40:37-07:00
10.1002/anie.202003823,2020-04-18T12:10:25-07:00
10.1002/anie.202002992,2020-04-18T07:09:00-07:00
10.1002/anie.202003530,2020-04-18T07:38:49-07:00
10.1002/anie.202004206,2020-04-19T06:47:58-07:00
10.1002/anie.202003851,2020-04-19T06:47:59-07:00
10.1002/anie.202000329,2020-04-19T06:48:53-07:00
10.1002/anie.202002479,2020-04-19T06:50:20-07:00
10.1002/anie.202002640,2020-04-19T09:33:48-07:00
10.1002/anie.202001125,2020-04-19T10:28:07-07:00
10.1002/anie.202004651,2020-04-20T12:00:00-07:00
10.1002/anie.201916566,2020-04-20T12:00:00-07:00
10.1002/anie.201913468,2020-04-20T03:10:44-07:00
10.1002/anie.201906756,2020-04-20T03:10:44-07:00
10.1002/anie.201910767,2020-04-20T03:10:44-07:00
10.1002/anie.202081861,2020-04-20T03:10:44-07:00
10.1002/anie.202081811,2020-04-20T03:10:44-07:00
10.1002/anie.201915108,2020-04-20T03:10:44-07:00
10.1002/anie.202004625,2020-04-20T06:42:10-07:00
10.1002/anie.202004172,2020-04-20T01:21:59-07:00
10.1002/anie.201915377,2020-04-20T09:14:03-07:00
10.1002/anie.202005575,2020-04-21T12:53:31-07:00
10.1002/anie.201916112,2020-04-21T03:21:52-07:00
10.1002/anie.202003958,2020-04-21T03:23:37-07:00
10.1002/anie.202003614,2020-04-21T03:26:31-07:00
10.1002/anie.202004951,2020-04-21T06:28:26-07:00
10.1002/anie.201915206,2020-04-21T06:33:01-07:00
10.1002/anie.202000364,2020-04-21T06:37:04-07:00
10.1002/anie.202003917,2020-04-21T07:07:55-07:00
10.1002/anie.202004005,2020-04-21T07:49:56-07:00
10.1002/anie.202005009,2020-04-21T09:19:55-07:00
10.1002/anie.202000158,2020-04-21T09:21:43-07:00
10.1002/anie.202002951,2020-04-21T09:23:04-07:00
10.1002/anie.202002739,2020-04-21T10:45:42-07:00
10.1002/anie.202004081,2020-04-21T12:17:25-07:00
10.1002/anie.202001496,2020-04-22T05:19:22-07:00
10.1002/anie.201906551,2020-04-22T05:19:22-07:00
10.1002/anie.201914931,2020-04-22T05:19:22-07:00
10.1002/anie.201913540,2020-04-22T05:19:22-07:00
10.1002/anie.202081962,2020-04-22T05:19:22-07:00
10.1002/anie.202081961,2020-04-22T05:19:22-07:00
10.1002/anie.202081911,2020-04-22T05:19:22-07:00
10.1002/anie.202003676,2020-04-23T12:00:00-07:00
10.1002/anie.201909690,2020-04-23T12:00:00-07:00
10.1002/anie.202005159,2020-04-23T05:28:10-07:00
10.1002/anie.202004479,2020-04-23T05:28:24-07:00
10.1002/anie.202004939,2020-04-23T05:28:43-07:00
10.1002/anie.202003119,2020-04-23T09:54:28-07:00
10.1002/anie.202004449,2020-04-23T11:19:52-07:00
10.1002/anie.202000338,2020-04-23T12:24:15-07:00
10.1002/anie.202004958,2020-04-23T12:50:36-07:00
10.1002/anie.202004978,2020-04-23T07:02:23-07:00
10.1002/anie.202000547,2020-04-23T07:03:10-07:00
10.1002/anie.202004562,2020-04-23T07:04:27-07:00
10.1002/anie.202002394,2020-04-23T07:06:18-07:00
10.1002/anie.202004072,2020-04-23T07:07:02-07:00
10.1002/anie.202003461,2020-04-23T07:54:23-07:00
10.1002/anie.202004112,2020-04-23T09:19:29-07:00
10.1002/anie.202002984,2020-04-23T10:30:43-07:00
10.1002/anie.202004452,2020-04-23T10:35:37-07:00
10.1002/anie.202003421,2020-04-23T10:56:02-07:00
10.1002/anie.201915989,2020-04-24T12:00:00-07:00
10.1002/anie.202002561,2020-04-24T12:00:00-07:00
10.1002/anie.202004162,2020-04-24T12:25:33-07:00
10.1002/anie.202004501,2020-04-24T12:26:35-07:00
10.1002/anie.202004721,2020-04-24T12:27:47-07:00
10.1002/anie.202000016,2020-04-24T03:08:34-07:00
10.1002/anie.202001060,2020-04-24T03:08:40-07:00
10.1002/anie.202005085,2020-04-24T03:26:34-07:00
10.1002/anie.202003218,2020-04-24T03:54:26-07:00
10.1002/anie.202003198,2020-04-24T05:25:36-07:00
10.1002/anie.202004272,2020-04-24T05:25:36-07:00
10.1002/anie.202004950,2020-04-24T05:26:18-07:00
10.1002/anie.202005432,2020-04-24T06:19:58-07:00
10.1002/anie.202003364,2020-04-24T06:55:38-07:00
10.1002/anie.202004728,2020-04-24T06:59:29-07:00
10.1002/anie.202004988,2020-04-24T08:01:30-07:00
10.1002/anie.202002433,2020-04-24T08:02:17-07:00
10.1002/anie.202004737,2020-04-24T08:23:48-07:00
10.1002/anie.202005048,2020-04-24T08:24:42-07:00
10.1002/anie.202003150,2020-04-24T08:27:08-07:00
10.1002/anie.202004444,2020-04-24T08:29:23-07:00
10.1002/anie.202004177,2020-04-24T09:27:32-07:00
10.1002/anie.202001876,2020-04-24T09:55:12-07:00
10.1002/anie.202002666,2020-04-24T09:57:45-07:00
10.1002/anie.202004867,2020-04-24T10:00:24-07:00
10.1002/anie.202002856,2020-04-24T10:00:30-07:00
10.1002/anie.202005248,2020-04-24T11:25:03-07:00
10.1002/anie.202003479,2020-04-24T12:53:32-07:00
10.1002/anie.202004758,2020-04-24T06:53:39-07:00
10.1002/anie.202003251,2020-04-24T06:54:07-07:00
10.1002/anie.202002492,2020-04-24T06:55:34-07:00
10.1002/anie.202004213,2020-04-24T09:24:32-07:00
10.1002/anie.202005827,2020-04-24T09:26:17-07:00
10.1002/anie.202002865,2020-04-24T11:54:00-07:00
10.1002/anie.202004197,2020-04-25T03:55:29-07:00
10.1002/anie.202003626,2020-04-25T05:54:21-07:00
10.1002/anie.202000491,2020-04-25T07:25:06-07:00
10.1002/anie.202004846,2020-04-26T07:04:04-07:00
10.1002/anie.202003234,2020-04-26T07:05:20-07:00
10.1002/anie.202003078,2020-04-26T07:07:06-07:00
10.1002/anie.202003760,2020-04-26T07:08:30-07:00
10.1002/anie.202004533,2020-04-26T07:29:29-07:00
10.1002/anie.202004192,2020-04-26T08:29:55-07:00
10.1002/anie.202002546,2020-04-26T10:28:49-07:00
10.1002/anie.202003122,2020-04-27T12:00:00-07:00
10.1002/anie.202004433,2020-04-27T12:00:00-07:00
10.1002/anie.202005443,2020-04-27T01:08:41-07:00
10.1002/anie.202000712,2020-04-27T01:11:45-07:00
10.1002/anie.202000278,2020-04-27T01:12:43-07:00
10.1002/anie.202003399,2020-04-27T04:07:23-07:00
10.1002/anie.202005366,2020-04-27T06:59:14-07:00
10.1002/anie.202005749,2020-04-27T07:34:58-07:00
10.1002/anie.202002180,2020-04-27T09:05:48-07:00
10.1002/anie.202004293,2020-04-27T12:33:29-07:00
10.1002/anie.202003886,2020-04-27T07:04:39-07:00
10.1002/anie.202003094,2020-04-27T07:05:37-07:00
10.1002/anie.202004841,2020-04-27T08:32:15-07:00
10.1002/anie.202004333,2020-04-27T09:04:51-07:00
10.1002/anie.202004083,2020-04-27T11:06:15-07:00
10.1002/anie.202004691,2020-04-28T12:00:00-07:00
10.1002/anie.202004239,2020-04-28T12:00:00-07:00
10.1002/anie.202004463,2020-04-28T12:00:00-07:00
10.1002/anie.202005703,2020-04-28T12:04:35-07:00
10.1002/anie.202005693,2020-04-28T01:29:53-07:00
10.1002/anie.202004929,2020-04-28T01:51:15-07:00
10.1002/anie.202003951,2020-04-28T01:51:51-07:00
10.1002/anie.201915079,2020-04-28T01:52:06-07:00
10.1002/anie.202003652,2020-04-28T02:58:00-07:00
10.1002/anie.202004358,2020-04-28T02:58:19-07:00
10.1002/anie.202004634,2020-04-28T05:34:52-07:00
10.1002/anie.202005696,2020-04-28T05:54:02-07:00
10.1002/anie.202005763,2020-04-28T05:54:33-07:00
10.1002/anie.202005706,2020-04-28T05:55:03-07:00
10.1002/anie.202005695,2020-04-28T05:55:04-07:00
10.1002/anie.202005712,2020-04-28T05:55:04-07:00
10.1002/anie.202005732,2020-04-28T05:57:07-07:00
10.1002/anie.202005820,2020-04-28T06:01:27-07:00
10.1002/anie.202005838,2020-04-28T06:01:58-07:00
10.1002/anie.202005697,2020-04-28T06:02:02-07:00
10.1002/anie.202005698,2020-04-28T06:02:06-07:00
10.1002/anie.202005735,2020-04-28T06:02:08-07:00
10.1002/anie.202005761,2020-04-28T06:04:33-07:00
10.1002/anie.202005736,2020-04-28T06:04:34-07:00
10.1002/anie.201914935,2020-04-28T06:04:51-07:00
10.1002/anie.202005702,2020-04-28T06:04:52-07:00
10.1002/anie.202004959,2020-04-28T06:05:37-07:00
10.1002/anie.202005699,2020-04-28T06:05:39-07:00
10.1002/anie.202005819,2020-04-28T06:08:23-07:00
10.1002/anie.202002129,2020-04-28T06:12:56-07:00
10.1002/anie.202004657,2020-04-28T07:03:41-07:00
10.1002/anie.202005084,2020-04-28T07:34:28-07:00
10.1002/anie.202004435,2020-04-28T09:04:17-07:00
10.1002/anie.202004181,2020-04-28T10:05:21-07:00
10.1002/anie.202003468,2020-04-28T10:07:49-07:00
10.1002/anie.202004697,2020-04-28T11:33:33-07:00
10.1002/anie.202002974,2020-04-28T07:03:59-07:00
10.1002/anie.202004090,2020-04-28T07:10:25-07:00
10.1002/anie.202004609,2020-04-28T10:31:38-07:00
10.1002/anie.202003512,2020-04-28T11:35:02-07:00
10.1002/anie.202005579,2020-04-28T11:35:31-07:00
10.1002/anie.202002702,2020-04-29T01:05:12-07:00
10.1002/anie.202004769,2020-04-29T12:00:00-07:00
10.1002/anie.202005257,2020-04-29T02:36:43-07:00
10.1002/anie.202004914,2020-04-29T03:05:28-07:00
10.1002/anie.202005181,2020-04-29T04:05:07-07:00
10.1002/anie.202004611,2020-04-29T04:07:46-07:00
10.1002/anie.202004537,2020-04-29T05:04:34-07:00
10.1002/anie.202004639,2020-04-29T07:05:01-07:00
10.1002/anie.202003896,2020-04-29T08:34:27-07:00
10.1002/anie.202004745,2020-04-29T10:10:37-07:00
10.1002/anie.202003721,2020-04-29T10:11:53-07:00
10.1002/anie.202004020,2020-04-29T10:33:43-07:00
10.1002/anie.202002341,2020-04-29T10:48:23-07:00
10.1002/anie.202005361,2020-04-29T11:38:06-07:00
10.1002/anie.202001939,2020-04-29T07:12:26-07:00
10.1002/anie.202004413,2020-04-29T07:14:17-07:00
10.1002/anie.202004485,2020-04-29T09:05:22-07:00
10.1002/anie.202001065,2020-04-30T12:00:00-07:00
10.1002/anie.202005259,2020-04-30T12:00:00-07:00
10.1002/anie.201916755,2020-04-30T02:38:53-07:00
10.1002/anie.202001372,2020-04-30T02:39:23-07:00
10.1002/anie.202005563,2020-04-30T02:41:04-07:00
10.1002/anie.202005052,2020-04-30T03:08:54-07:00
10.1002/anie.202006039,2020-04-30T04:39:10-07:00
10.1002/anie.202002062,2020-04-30T05:39:56-07:00
10.1002/anie.202000148,2020-04-30T07:51:48-07:00
10.1002/anie.202004733,2020-04-30T07:41:57-07:00
10.1002/anie.202004420,2020-04-30T09:08:37-07:00
10.1002/anie.202004314,2020-05-01T12:45:19-07:00
10.1002/anie.202004991,2020-05-01T12:45:11-07:00
10.1002/anie.202003041,2020-05-01T06:44:35-07:00
10.1002/anie.202005091,2020-05-02T02:13:36-07:00
10.1002/anie.202000959,2020-05-02T03:44:18-07:00
10.1002/anie.202004256,2020-05-02T06:14:11-07:00
10.1002/anie.202003621,2020-05-03T12:00:00-07:00
10.1002/anie.202001107,2020-05-03T06:55:25-07:00
10.1002/anie.202005212,2020-05-03T06:55:53-07:00
10.1002/anie.202004267,2020-05-03T10:19:37-07:00
10.1002/anie.202002463,2020-05-03T10:48:51-07:00
10.1002/anie.202004965,2020-05-04T02:19:08-07:00
10.1002/anie.201907502,2020-05-04T02:50:39-07:00
10.1002/anie.202002528,2020-05-04T02:50:39-07:00
10.1002/anie.202002526,2020-05-04T02:50:39-07:00
10.1002/anie.201913479,2020-05-04T02:50:39-07:00
10.1002/anie.201913783,2020-05-04T02:50:39-07:00
10.1002/anie.201915521,2020-05-04T02:50:39-07:00
10.1002/anie.202082011,2020-05-04T02:50:39-07:00
10.1002/anie.202082061,2020-05-04T02:50:39-07:00
10.1002/anie.202004778,2020-05-04T03:23:20-07:00
10.1002/anie.202004364,2020-05-04T04:54:55-07:00
10.1002/anie.202005748,2020-05-04T06:27:41-07:00
10.1002/anie.202003755,2020-05-04T07:55:35-07:00
10.1002/anie.202004881,2020-05-04T08:24:27-07:00
10.1002/anie.202005132,2020-05-04T09:25:17-07:00
10.1002/anie.202004557,2020-05-04T09:50:59-07:00
10.1002/anie.202005300,2020-05-04T11:24:34-07:00
10.1002/anie.202002953,2020-05-04T11:26:12-07:00
10.1002/anie.202003910,2020-05-04T12:23:24-07:00
10.1002/anie.202003759,2020-05-04T06:54:22-07:00
10.1002/anie.202001598,2020-05-04T08:24:03-07:00
10.1002/anie.202005930,2020-05-04T08:25:39-07:00
10.1002/anie.202002939,2020-05-04T10:55:16-07:00
10.1002/anie.202003672,2020-05-04T11:53:34-07:00
10.1002/anie.202005105,2020-05-04T11:54:45-07:00
10.1002/anie.202003130,2020-05-05T12:54:37-07:00
10.1002/anie.202004439,2020-05-05T02:29:36-07:00
10.1002/anie.202005030,2020-05-05T02:54:33-07:00
10.1002/anie.202003386,2020-05-05T05:24:13-07:00
10.1002/anie.202004012,2020-05-05T05:54:47-07:00
10.1002/anie.202005584,2020-05-05T06:24:03-07:00
10.1002/anie.202001518,2020-05-05T07:24:57-07:00
