10.1002/adma.202000716,2020-03-20T07:32:40-07:00
10.1002/adma.201907865,2020-03-20T07:34:39-07:00
10.1002/adma.202000046,2020-03-20T11:14:49-07:00
10.1002/adma.202000270,2020-03-23T12:00:00-07:00
10.1002/adma.201907160,2020-03-23T01:37:21-07:00
10.1002/adma.201908392,2020-03-23T01:37:55-07:00
10.1002/adma.202000086,2020-03-23T01:40:22-07:00
10.1002/adma.201908496,2020-03-29T11:23:20-07:00
10.1002/adma.201908205,2020-03-29T11:24:34-07:00
10.1002/adma.202000055,2020-03-29T11:26:33-07:00
10.1002/adma.201907888,2020-03-29T11:26:40-07:00
10.1002/adma.201906890,2020-03-29T11:48:56-07:00
10.1002/adma.201907241,2020-04-01T12:10:56-07:00
10.1002/adma.201902604,2020-04-01T02:57:56-07:00
10.1002/adma.201901935,2020-04-01T02:57:56-07:00
10.1002/adma.201901969,2020-04-01T02:57:56-07:00
10.1002/adma.201901081,2020-04-01T02:57:56-07:00
10.1002/adma.201902333,2020-04-01T02:57:56-07:00
10.1002/adma.201901633,2020-04-01T02:57:56-07:00
10.1002/adma.201901255,2020-04-01T02:57:56-07:00
10.1002/adma.201901994,2020-04-01T02:57:56-07:00
10.1002/adma.201902007,2020-04-01T02:57:56-07:00
10.1002/adma.201902004,2020-04-01T02:57:56-07:00
10.1002/adma.201902516,2020-04-01T02:57:56-07:00
10.1002/adma.201903367,2020-04-01T02:57:56-07:00
10.1002/adma.201901743,2020-04-01T02:57:56-07:00
10.1002/adma.201901989,2020-04-01T02:57:56-07:00
10.1002/adma.201903847,2020-04-01T02:57:56-07:00
10.1002/adma.201902005,2020-04-01T02:57:56-07:00
10.1002/adma.202070099,2020-04-01T02:57:56-07:00
10.1002/adma.202070096,2020-04-01T02:57:56-07:00
10.1002/adma.202070095,2020-04-01T02:57:56-07:00
10.1002/adma.202070102,2020-04-01T02:57:56-07:00
10.1002/adma.202070101,2020-04-01T02:57:56-07:00
10.1002/adma.202070100,2020-04-01T02:57:56-07:00
10.1002/adma.202070097,2020-04-01T02:57:56-07:00
10.1002/adma.202070098,2020-04-01T02:57:56-07:00
10.1002/adma.201908065,2020-04-01T02:57:56-07:00
10.1002/adma.201908232,2020-04-02T12:00:00-07:00
10.1002/adma.201908314,2020-04-02T12:00:00-07:00
10.1002/adma.202000497,2020-04-02T12:46:22-07:00
10.1002/adma.202000880,2020-04-02T12:46:58-07:00
10.1002/adma.202000740,2020-04-02T12:48:57-07:00
10.1002/adma.202000496,2020-04-02T12:50:35-07:00
10.1002/adma.201908486,2020-04-02T12:52:51-07:00
10.1002/adma.202000060,2020-04-02T11:14:08-07:00
10.1002/adma.201907376,2020-04-03T08:00:24-07:00
10.1002/adma.201907101,2020-04-03T08:00:25-07:00
10.1002/adma.201908302,2020-04-03T08:54:11-07:00
10.1002/adma.201907090,2020-04-03T08:54:26-07:00
10.1002/adma.201907006,2020-04-03T08:56:40-07:00
10.1002/adma.201908007,2020-04-06T12:00:00-07:00
10.1002/adma.202000499,2020-04-06T12:00:00-07:00
10.1002/adma.201906889,2020-04-06T12:52:42-07:00
10.1002/adma.201908293,2020-04-06T12:52:51-07:00
10.1002/adma.201908355,2020-04-06T03:33:01-07:00
10.1002/adma.201906580,2020-04-06T03:33:06-07:00
10.1002/adma.202000478,2020-04-06T03:33:56-07:00
10.1002/adma.201907138,2020-04-06T03:36:38-07:00
10.1002/adma.202000482,2020-04-06T11:43:20-07:00
10.1002/adma.201907082,2020-04-06T11:43:37-07:00
10.1002/adma.202000447,2020-04-06T11:44:17-07:00
10.1002/adma.201906783,2020-04-06T11:44:38-07:00
10.1002/adma.201905756,2020-04-06T11:44:52-07:00
10.1002/adma.201905654,2020-04-07T12:00:00-07:00
10.1002/adma.201906517,2020-04-07T12:00:00-07:00
10.1002/adma.201907499,2020-04-07T12:00:00-07:00
10.1002/adma.201907001,2020-04-07T03:14:08-07:00
10.1002/adma.201907226,2020-04-07T05:50:31-07:00
10.1002/adma.201906989,2020-04-07T05:50:31-07:00
10.1002/adma.202070109,2020-04-07T05:50:31-07:00
10.1002/adma.202070108,2020-04-07T05:50:31-07:00
10.1002/adma.202070107,2020-04-07T05:50:31-07:00
10.1002/adma.202070104,2020-04-07T05:50:31-07:00
10.1002/adma.202070103,2020-04-07T05:50:31-07:00
10.1002/adma.202070110,2020-04-07T05:50:31-07:00
10.1002/adma.202070105,2020-04-07T05:50:31-07:00
10.1002/adma.202001062,2020-04-07T05:50:31-07:00
10.1002/adma.202070106,2020-04-07T05:50:31-07:00
10.1002/adma.201907375,2020-04-07T05:50:31-07:00
10.1002/adma.202000026,2020-04-07T05:50:31-07:00
10.1002/adma.201907123,2020-04-07T05:50:31-07:00
10.1002/adma.201907411,2020-04-07T05:50:31-07:00
10.1002/adma.201908249,2020-04-07T05:50:31-07:00
10.1002/adma.201907802,2020-04-07T05:50:31-07:00
10.1002/adma.201907801,2020-04-07T05:50:31-07:00
10.1002/adma.201907043,2020-04-07T05:50:31-07:00
10.1002/adma.201907167,2020-04-07T05:50:31-07:00
10.1002/adma.201908108,2020-04-07T05:50:31-07:00
10.1002/adma.201908107,2020-04-07T05:50:31-07:00
10.1002/adma.201904415,2020-04-07T05:50:31-07:00
10.1002/adma.201907718,2020-04-07T05:50:31-07:00
10.1002/adma.201907526,2020-04-07T05:50:31-07:00
10.1002/adma.201905578,2020-04-07T05:50:31-07:00
10.1002/adma.201908518,2020-04-07T05:50:31-07:00
10.1002/adma.201908324,2020-04-07T05:50:31-07:00
10.1002/adma.201908494,2020-04-07T05:50:31-07:00
10.1002/adma.202000184,2020-04-07T05:50:31-07:00
10.1002/adma.201908424,2020-04-07T05:50:31-07:00
10.1002/adma.201908351,2020-04-07T05:50:31-07:00
10.1002/adma.201908040,2020-04-07T05:50:31-07:00
10.1002/adma.201908478,2020-04-07T05:50:31-07:00
10.1002/adma.201907840,2020-04-07T05:50:31-07:00
10.1002/adma.201908072,2020-04-07T05:50:31-07:00
10.1002/adma.202000140,2020-04-07T05:50:31-07:00
10.1002/adma.201906886,2020-04-07T05:50:31-07:00
10.1002/adma.201907516,2020-04-07T05:50:31-07:00
10.1002/adma.201907948,2020-04-07T05:50:31-07:00
10.1002/adma.201907999,2020-04-07T05:50:31-07:00
10.1002/adma.201907490,2020-04-07T05:50:31-07:00
10.1002/adma.201908121,2020-04-07T05:50:31-07:00
10.1002/adma.201903759,2020-04-07T05:50:31-07:00
10.1002/adma.201906319,2020-04-07T05:50:31-07:00
10.1002/adma.201906003,2020-04-07T05:50:31-07:00
10.1002/adma.201907565,2020-04-07T05:50:31-07:00
10.1002/adma.202000657,2020-04-08T04:51:24-07:00
10.1002/adma.202000385,2020-04-08T05:07:46-07:00
10.1002/adma.201907833,2020-04-09T12:00:00-07:00
10.1002/adma.201908316,2020-04-09T12:00:00-07:00
10.1002/adma.201908362,2020-04-09T12:00:00-07:00
10.1002/adma.201908373,2020-04-09T01:40:55-07:00
10.1002/adma.202000717,2020-04-09T02:27:34-07:00
10.1002/adma.202000928,2020-04-09T02:29:16-07:00
10.1002/adma.202000645,2020-04-13T12:00:00-07:00
10.1002/adma.202000351,2020-04-13T10:42:59-07:00
10.1002/adma.202000865,2020-04-13T10:50:17-07:00
10.1002/adma.201908385,2020-04-13T11:30:59-07:00
10.1002/adma.201902767,2020-04-14T07:54:13-07:00
10.1002/adma.201901493,2020-04-14T07:54:13-07:00
10.1002/adma.201902743,2020-04-14T07:54:13-07:00
10.1002/adma.201902434,2020-04-14T07:54:13-07:00
10.1002/adma.201902051,2020-04-14T07:54:13-07:00
10.1002/adma.201901924,2020-04-14T07:54:13-07:00
10.1002/adma.201902417,2020-04-14T07:54:13-07:00
10.1002/adma.201902343,2020-04-14T07:54:13-07:00
10.1002/adma.201902278,2020-04-14T07:54:13-07:00
10.1002/adma.201902083,2020-04-14T07:54:13-07:00
10.1002/adma.201903904,2020-04-14T07:54:13-07:00
10.1002/adma.201903407,2020-04-14T07:54:13-07:00
10.1002/adma.201902133,2020-04-14T07:54:13-07:00
10.1002/adma.201902254,2020-04-14T07:54:13-07:00
10.1002/adma.201902994,2020-04-14T07:54:13-07:00
10.1002/adma.201902684,2020-04-14T07:54:13-07:00
10.1002/adma.201902062,2020-04-14T07:54:13-07:00
10.1002/adma.201903558,2020-04-14T07:54:13-07:00
10.1002/adma.201901482,2020-04-14T07:54:13-07:00
10.1002/adma.201904163,2020-04-14T07:54:13-07:00
10.1002/adma.201902045,2020-04-14T07:54:13-07:00
10.1002/adma.201905279,2020-04-14T07:54:13-07:00
10.1002/adma.201903182,2020-04-14T07:54:13-07:00
10.1002/adma.201902391,2020-04-14T07:54:13-07:00
10.1002/adma.201901981,2020-04-14T07:54:13-07:00
10.1002/adma.202070120,2020-04-14T07:54:13-07:00
10.1002/adma.202070119,2020-04-14T07:54:13-07:00
10.1002/adma.202070118,2020-04-14T07:54:13-07:00
10.1002/adma.202070117,2020-04-14T07:54:13-07:00
10.1002/adma.202070116,2020-04-14T07:54:13-07:00
10.1002/adma.202070115,2020-04-14T07:54:13-07:00
10.1002/adma.202070112,2020-04-14T07:54:13-07:00
10.1002/adma.202070111,2020-04-14T07:54:13-07:00
10.1002/adma.202070113,2020-04-14T07:54:13-07:00
10.1002/adma.202070114,2020-04-14T07:54:13-07:00
10.1002/adma.201905590,2020-04-14T07:54:13-07:00
10.1002/adma.201907522,2020-04-16T01:30:05-07:00
10.1002/adma.201908422,2020-04-16T01:31:00-07:00
10.1002/adma.201906970,2020-04-17T12:00:00-07:00
10.1002/adma.202000987,2020-04-17T01:10:22-07:00
10.1002/adma.202000294,2020-04-17T01:13:12-07:00
10.1002/adma.202000730,2020-04-17T01:13:17-07:00
10.1002/adma.201908127,2020-04-17T01:15:04-07:00
10.1002/adma.201905440,2020-04-19T11:37:43-07:00
10.1002/adma.202001093,2020-04-20T03:39:02-07:00
10.1002/adma.202001001,2020-04-20T03:42:38-07:00
10.1002/adma.202000969,2020-04-20T05:42:38-07:00
10.1002/adma.202000619,2020-04-20T05:43:53-07:00
10.1002/adma.201908445,2020-04-20T05:44:38-07:00
10.1002/adma.202000316,2020-04-20T11:53:14-07:00
10.1002/adma.201907035,2020-04-21T12:00:00-07:00
10.1002/adma.202001080,2020-04-21T12:00:00-07:00
10.1002/adma.202000801,2020-04-21T12:00:00-07:00
10.1002/adma.201907619,2020-04-21T02:30:15-07:00
10.1002/adma.201907478,2020-04-21T02:30:15-07:00
10.1002/adma.201906548,2020-04-21T02:30:15-07:00
10.1002/adma.202070128,2020-04-21T02:30:15-07:00
10.1002/adma.202070127,2020-04-21T02:30:15-07:00
10.1002/adma.202070126,2020-04-21T02:30:15-07:00
10.1002/adma.202070125,2020-04-21T02:30:15-07:00
10.1002/adma.202070122,2020-04-21T02:30:15-07:00
10.1002/adma.202070121,2020-04-21T02:30:15-07:00
10.1002/adma.202070123,2020-04-21T02:30:15-07:00
10.1002/adma.202070124,2020-04-21T02:30:15-07:00
10.1002/adma.201908505,2020-04-21T02:30:15-07:00
10.1002/adma.201907970,2020-04-21T02:30:15-07:00
10.1002/adma.201907832,2020-04-21T02:30:15-07:00
10.1002/adma.201907225,2020-04-21T02:30:15-07:00
10.1002/adma.201905035,2020-04-21T02:30:15-07:00
10.1002/adma.201908218,2020-04-21T02:30:15-07:00
10.1002/adma.202000338,2020-04-21T02:30:15-07:00
10.1002/adma.202000074,2020-04-21T02:30:15-07:00
10.1002/adma.202000190,2020-04-21T02:30:15-07:00
10.1002/adma.201906523,2020-04-21T02:30:15-07:00
10.1002/adma.201906571,2020-04-21T02:30:15-07:00
10.1002/adma.201907702,2020-04-21T02:30:15-07:00
10.1002/adma.201906745,2020-04-21T02:30:15-07:00
10.1002/adma.201906432,2020-04-21T02:30:15-07:00
10.1002/adma.201906368,2020-04-21T02:30:15-07:00
10.1002/adma.201904502,2020-04-21T02:30:15-07:00
10.1002/adma.201907929,2020-04-21T02:30:15-07:00
10.1002/adma.201907661,2020-04-21T02:30:15-07:00
10.1002/adma.201907280,2020-04-21T02:30:15-07:00
10.1002/adma.201908419,2020-04-21T02:30:15-07:00
10.1002/adma.201908340,2020-04-21T02:30:15-07:00
10.1002/adma.202000966,2020-04-21T02:30:15-07:00
10.1002/adma.201907953,2020-04-21T02:30:15-07:00
10.1002/adma.201907693,2020-04-21T02:30:15-07:00
10.1002/adma.201905717,2020-04-21T02:30:15-07:00
10.1002/adma.201908011,2020-04-21T02:30:15-07:00
10.1002/adma.201908498,2020-04-21T02:30:15-07:00
10.1002/adma.201908185,2020-04-21T02:30:15-07:00
10.1002/adma.201903954,2020-04-21T02:30:15-07:00
10.1002/adma.202000376,2020-04-21T02:30:15-07:00
10.1002/adma.201906878,2020-04-21T02:30:15-07:00
10.1002/adma.201907937,2020-04-21T02:30:15-07:00
10.1002/adma.201907747,2020-04-21T02:30:15-07:00
10.1002/adma.201907436,2020-04-21T02:30:15-07:00
10.1002/adma.201908305,2020-04-21T02:30:15-07:00
10.1002/adma.201908047,2020-04-21T02:30:15-07:00
10.1002/adma.202000287,2020-04-21T02:30:15-07:00
10.1002/adma.201906974,2020-04-21T02:30:15-07:00
10.1002/adma.202000020,2020-04-21T10:44:46-07:00
10.1002/adma.202001330,2020-04-21T10:48:37-07:00
10.1002/adma.202000781,2020-04-21T10:48:48-07:00
10.1002/adma.202001132,2020-04-21T10:48:57-07:00
10.1002/adma.202000004,2020-04-21T10:49:11-07:00
10.1002/adma.201907500,2020-04-21T10:54:13-07:00
10.1002/adma.201907477,2020-04-21T10:54:37-07:00
10.1002/adma.202000991,2020-04-22T11:53:36-07:00
10.1002/adma.201906477,2020-04-22T11:54:22-07:00
10.1002/adma.201908243,2020-04-22T11:55:10-07:00
10.1002/adma.202000958,2020-04-22T11:55:29-07:00
10.1002/adma.202001026,2020-04-22T11:57:25-07:00
10.1002/adma.202000747,2020-04-23T01:56:34-07:00
10.1002/adma.202001815,2020-04-24T12:00:00-07:00
10.1002/adma.202001862,2020-04-24T12:00:00-07:00
10.1002/adma.202000380,2020-04-24T12:00:00-07:00
10.1002/adma.201908311,2020-04-24T12:00:00-07:00
10.1002/adma.201908285,2020-04-24T12:58:30-07:00
10.1002/adma.201907701,2020-04-24T01:50:22-07:00
10.1002/adma.202000975,2020-04-24T03:25:54-07:00
10.1002/adma.202000236,2020-04-24T03:25:56-07:00
10.1002/adma.201908411,2020-04-26T11:40:31-07:00
10.1002/adma.202000791,2020-04-26T11:41:01-07:00
10.1002/adma.202001082,2020-04-27T01:55:43-07:00
10.1002/adma.201907936,2020-04-27T02:00:48-07:00
10.1002/adma.201907247,2020-04-27T06:51:19-07:00
10.1002/adma.201907176,2020-04-27T06:51:19-07:00
10.1002/adma.201908398,2020-04-27T06:51:19-07:00
10.1002/adma.201907142,2020-04-27T06:51:19-07:00
10.1002/adma.202070136,2020-04-27T06:51:19-07:00
10.1002/adma.202070135,2020-04-27T06:51:19-07:00
10.1002/adma.202070134,2020-04-27T06:51:19-07:00
10.1002/adma.202070133,2020-04-27T06:51:19-07:00
10.1002/adma.202070130,2020-04-27T06:51:19-07:00
10.1002/adma.202070129,2020-04-27T06:51:19-07:00
10.1002/adma.202070131,2020-04-27T06:51:19-07:00
10.1002/adma.202070132,2020-04-27T06:51:19-07:00
10.1002/adma.201907307,2020-04-27T06:51:19-07:00
10.1002/adma.201906910,2020-04-27T06:51:19-07:00
10.1002/adma.201906512,2020-04-27T06:51:19-07:00
10.1002/adma.201908475,2020-04-27T06:51:19-07:00
10.1002/adma.201908470,2020-04-27T06:51:19-07:00
10.1002/adma.201908099,2020-04-27T06:51:19-07:00
10.1002/adma.202000542,2020-04-27T06:51:19-07:00
10.1002/adma.201907580,2020-04-27T06:51:19-07:00
10.1002/adma.202000455,2020-04-27T06:51:19-07:00
10.1002/adma.202000193,2020-04-27T06:51:19-07:00
10.1002/adma.201906641,2020-04-27T06:51:19-07:00
10.1002/adma.201906199,2020-04-27T06:51:19-07:00
10.1002/adma.201808319,2020-04-27T06:51:19-07:00
10.1002/adma.201907633,2020-04-27T06:51:19-07:00
10.1002/adma.201907995,2020-04-27T06:51:19-07:00
10.1002/adma.201908006,2020-04-27T06:51:19-07:00
10.1002/adma.201908480,2020-04-27T06:51:19-07:00
10.1002/adma.202000505,2020-04-27T06:51:19-07:00
10.1002/adma.202000246,2020-04-27T06:51:19-07:00
10.1002/adma.201907975,2020-04-27T06:51:19-07:00
10.1002/adma.201907786,2020-04-27T06:51:19-07:00
10.1002/adma.201908530,2020-04-27T06:51:19-07:00
10.1002/adma.202000609,2020-04-27T06:51:19-07:00
10.1002/adma.202000964,2020-04-27T06:51:19-07:00
10.1002/adma.202000151,2020-04-27T06:51:19-07:00
10.1002/adma.202000399,2020-04-27T06:51:19-07:00
10.1002/adma.202000080,2020-04-27T06:51:19-07:00
10.1002/adma.201907769,2020-04-27T06:51:19-07:00
10.1002/adma.202000827,2020-04-27T06:51:19-07:00
10.1002/adma.202000208,2020-04-27T06:51:19-07:00
10.1002/adma.202000513,2020-04-27T06:51:19-07:00
10.1002/adma.202000018,2020-04-27T06:51:19-07:00
10.1002/adma.201908461,2020-04-27T06:51:19-07:00
10.1002/adma.202000906,2020-04-27T08:43:56-07:00
10.1002/adma.201908178,2020-04-29T12:00:00-07:00
10.1002/adma.201906478,2020-04-29T12:00:00-07:00
10.1002/adma.202000508,2020-04-29T12:00:00-07:00
10.1002/adma.202000128,2020-04-29T12:20:39-07:00
10.1002/adma.201907690,2020-04-29T12:21:57-07:00
10.1002/adma.201907966,2020-04-29T12:22:41-07:00
10.1002/adma.202001383,2020-04-30T01:08:44-07:00
10.1002/adma.202000345,2020-04-30T01:08:45-07:00
10.1002/adma.202000364,2020-04-30T01:08:51-07:00
10.1002/adma.201907864,2020-04-30T01:09:09-07:00
10.1002/adma.202000919,2020-04-30T01:09:39-07:00
10.1002/adma.201907396,2020-04-30T01:10:08-07:00
10.1002/adma.201908027,2020-04-30T01:10:13-07:00
10.1002/adma.202000872,2020-05-04T12:00:00-07:00
10.1002/adma.202000030,2020-05-04T12:00:00-07:00
10.1002/adma.202000971,2020-05-04T12:10:39-07:00
10.1002/adma.202000063,2020-05-04T12:11:29-07:00
10.1002/adma.202000377,2020-05-04T01:01:47-07:00
10.1002/adma.201908291,2020-05-04T01:09:33-07:00
10.1002/adma.202000186,2020-05-04T01:10:46-07:00
10.1002/adma.202000302,2020-05-04T01:11:26-07:00
10.1002/adma.201908201,2020-05-04T01:11:44-07:00
10.1002/adma.201904106,2020-05-05T12:48:17-07:00
10.1002/adma.201904532,2020-05-05T12:48:17-07:00
10.1002/adma.201904037,2020-05-05T12:48:17-07:00
10.1002/adma.201902654,2020-05-05T12:48:17-07:00
10.1002/adma.201905219,2020-05-05T12:48:17-07:00
10.1002/adma.201903952,2020-05-05T12:48:17-07:00
10.1002/adma.201901715,2020-05-05T12:48:17-07:00
10.1002/adma.201901690,2020-05-05T12:48:17-07:00
10.1002/adma.202070139,2020-05-05T12:48:17-07:00
10.1002/adma.202070138,2020-05-05T12:48:17-07:00
10.1002/adma.202070137,2020-05-05T12:48:17-07:00
10.1002/adma.201904205,2020-05-05T12:48:17-07:00
10.1002/adma.201904511,2020-05-05T12:48:17-07:00
10.1002/adma.201904635,2020-05-05T12:48:17-07:00
10.1002/adma.202001629,2020-05-05T12:48:17-07:00
10.1002/adma.201904870,2020-05-05T12:48:17-07:00
10.1002/adma.201904562,2020-05-05T12:48:17-07:00
10.1002/adma.201905508,2020-05-05T12:48:17-07:00
10.1002/adma.201908041,2020-05-05T12:48:17-07:00
10.1002/adma.201901430,2020-05-05T12:48:17-07:00
10.1002/adma.201901244,2020-05-05T12:48:17-07:00
10.1002/adma.201904804,2020-05-05T12:48:17-07:00
10.1002/adma.201904359,2020-05-05T12:48:17-07:00
10.1002/adma.201904664,2020-05-05T12:48:17-07:00
10.1002/adma.201904040,2020-05-05T12:48:17-07:00
10.1002/adma.201904094,2020-05-05T12:48:17-07:00
10.1002/adma.201904093,2020-05-05T12:48:17-07:00
10.1002/adma.201902806,2020-05-05T12:48:17-07:00
10.1002/adma.201903891,2020-05-05T12:48:17-07:00
10.1002/adma.202070146,2020-05-05T12:48:17-07:00
10.1002/adma.202070145,2020-05-05T12:48:17-07:00
10.1002/adma.202070144,2020-05-05T12:48:17-07:00
10.1002/adma.202070143,2020-05-05T12:48:17-07:00
10.1002/adma.202070142,2020-05-05T12:48:17-07:00
10.1002/adma.202070141,2020-05-05T12:48:17-07:00
10.1002/adma.202070140,2020-05-05T12:48:17-07:00
10.1002/adma.201904717,2020-05-05T12:48:17-07:00
10.1002/adma.201904528,2020-05-05T12:48:17-07:00
10.1002/adma.201904339,2020-05-05T12:48:17-07:00
10.1002/adma.201904387,2020-05-05T12:48:17-07:00
10.1002/adma.201904625,2020-05-05T12:48:17-07:00
10.1002/adma.201904122,2020-05-05T12:48:17-07:00
10.1002/adma.201904551,2020-05-05T12:48:17-07:00
10.1002/adma.201902009,2020-05-05T12:48:17-07:00
10.1002/adma.201905785,2020-05-05T12:48:17-07:00
10.1002/adma.201903850,2020-05-05T12:48:17-07:00
10.1002/adma.202000474,2020-05-06T12:00:00-07:00
10.1002/adma.202000006,2020-05-06T12:00:00-07:00
10.1002/adma.202001436,2020-05-06T05:29:59-07:00
10.1002/adma.202001130,2020-05-06T05:30:03-07:00
10.1002/adma.202000416,2020-05-06T05:41:20-07:00
10.1002/adma.202001452,2020-05-06T08:10:57-07:00
10.1002/adma.202001114,2020-05-06T09:08:20-07:00
10.1002/adma.202001268,2020-05-06T09:21:23-07:00
10.1002/adma.202000036,2020-05-06T09:22:23-07:00
10.1002/adma.202000820,2020-05-06T09:24:18-07:00
10.1002/adma.201907257,2020-05-07T10:24:18-07:00
10.1002/adma.201908315,2020-05-08T12:00:00-07:00
10.1002/adma.202001467,2020-05-08T01:19:59-07:00
10.1002/adma.201906274,2020-05-08T01:21:27-07:00
10.1002/adma.202000693,2020-05-08T01:22:13-07:00
10.1002/adma.202000660,2020-05-08T01:22:13-07:00
10.1002/adma.202001777,2020-05-10T12:00:00-07:00
10.1002/adma.202000566,2020-05-10T11:25:07-07:00
10.1002/adma.202000014,2020-05-10T11:35:50-07:00
10.1002/adma.202001267,2020-05-10T11:49:35-07:00
10.1002/adma.202001160,2020-05-11T12:20:21-07:00
10.1002/adma.201907254,2020-05-11T01:21:02-07:00
10.1002/adma.202000648,2020-05-11T01:24:26-07:00
10.1002/adma.201908299,2020-05-11T01:26:20-07:00
10.1002/adma.201908275,2020-05-11T01:33:10-07:00
10.1002/adma.202001740,2020-05-11T01:37:35-07:00
10.1002/adma.201908104,2020-05-11T05:35:55-07:00
10.1002/adma.202070152,2020-05-11T05:35:55-07:00
10.1002/adma.202070151,2020-05-11T05:35:55-07:00
10.1002/adma.202070150,2020-05-11T05:35:55-07:00
10.1002/adma.201907267,2020-05-11T05:35:55-07:00
10.1002/adma.201906238,2020-05-11T05:35:55-07:00
10.1002/adma.202070149,2020-05-11T05:35:55-07:00
10.1002/adma.202070148,2020-05-11T05:35:55-07:00
10.1002/adma.202070147,2020-05-11T05:35:55-07:00
10.1002/adma.201907879,2020-05-11T05:35:55-07:00
10.1002/adma.201907227,2020-05-13T09:37:10-07:00
10.1002/adma.202002237,2020-05-13T11:22:00-07:00
10.1002/adma.202001265,2020-05-13T11:22:01-07:00
10.1002/adma.202001537,2020-05-14T12:00:00-07:00
10.1002/adma.202000752,2020-05-14T12:00:00-07:00
10.1002/adma.202001385,2020-05-14T12:00:00-07:00
10.1002/adma.202000999,2020-05-14T12:00:00-07:00
10.1002/adma.202001879,2020-05-14T01:05:20-07:00
10.1002/adma.202001384,2020-05-14T01:10:11-07:00
10.1002/adma.202001755,2020-05-14T07:13:27-07:00
10.1002/adma.202001307,2020-05-14T11:30:54-07:00
10.1002/adma.202000732,2020-05-14T11:31:52-07:00
10.1002/adma.202002072,2020-05-15T03:26:10-07:00
10.1002/adma.202000600,2020-05-17T12:00:00-07:00
10.1002/adma.202000091,2020-05-17T12:00:00-07:00
10.1002/adma.201908126,2020-05-17T10:21:29-07:00
10.1002/adma.201907645,2020-05-17T10:21:48-07:00
10.1002/adma.202001582,2020-05-17T10:25:02-07:00
10.1002/adma.202001107,2020-05-17T10:25:49-07:00
10.1002/adma.202001675,2020-05-17T10:26:14-07:00
10.1002/adma.201908521,2020-05-17T10:26:24-07:00
10.1002/adma.202001534,2020-05-17T10:29:42-07:00
10.1002/adma.202001979,2020-05-17T10:30:42-07:00
10.1002/adma.202001646,2020-05-17T11:18:19-07:00
10.1002/adma.201902177,2020-05-17T11:19:31-07:00
10.1002/adma.201903937,2020-05-18T01:49:05-07:00
10.1002/adma.201906619,2020-05-19T12:22:45-07:00
10.1002/adma.202070160,2020-05-19T12:22:45-07:00
10.1002/adma.201905227,2020-05-19T12:22:45-07:00
10.1002/adma.201905966,2020-05-19T12:22:45-07:00
10.1002/adma.202000215,2020-05-19T12:22:45-07:00
10.1002/adma.201906834,2020-05-19T12:22:45-07:00
10.1002/adma.201906216,2020-05-19T12:22:45-07:00
10.1002/adma.201906766,2020-05-19T12:22:45-07:00
10.1002/adma.201904957,2020-05-19T12:22:45-07:00
10.1002/adma.201905445,2020-05-19T12:22:45-07:00
10.1002/adma.201906741,2020-05-19T12:22:45-07:00
10.1002/adma.201905309,2020-05-19T12:22:45-07:00
10.1002/adma.201905111,2020-05-19T12:22:45-07:00
10.1002/adma.201906416,2020-05-19T12:22:45-07:00
10.1002/adma.201906036,2020-05-19T12:22:45-07:00
10.1002/adma.202070159,2020-05-19T12:22:45-07:00
10.1002/adma.202070158,2020-05-19T12:22:45-07:00
10.1002/adma.202070157,2020-05-19T12:22:45-07:00
10.1002/adma.202070156,2020-05-19T12:22:45-07:00
10.1002/adma.202070155,2020-05-19T12:22:45-07:00
10.1002/adma.202070154,2020-05-19T12:22:45-07:00
10.1002/adma.202070153,2020-05-19T12:22:45-07:00
10.1002/adma.201905953,2020-05-19T12:22:45-07:00
10.1002/adma.201905144,2020-05-19T12:22:45-07:00
10.1002/adma.201906012,2020-05-19T12:22:45-07:00
10.1002/adma.201906876,2020-05-19T12:22:45-07:00
10.1002/adma.201906564,2020-05-19T12:22:45-07:00
10.1002/adma.201906064,2020-05-19T12:22:45-07:00
10.1002/adma.201904824,2020-05-19T12:22:45-07:00
10.1002/adma.201905866,2020-05-19T12:22:45-07:00
10.1002/adma.201905554,2020-05-19T12:22:45-07:00
10.1002/adma.201908175,2020-05-19T12:00:00-07:00
10.1002/adma.202001894,2020-05-19T12:00:00-07:00
10.1002/adma.201905653,2020-05-19T01:48:15-07:00
10.1002/adma.202002024,2020-05-19T11:01:50-07:00
10.1002/adma.201908083,2020-05-20T12:00:00-07:00
10.1002/adma.202001113,2020-05-20T12:00:00-07:00
10.1002/adma.202000272,2020-05-20T01:04:47-07:00
10.1002/adma.201907983,2020-05-20T01:05:01-07:00
10.1002/adma.201903855,2020-05-20T01:08:52-07:00
10.1002/adma.202000366,2020-05-20T01:13:24-07:00
10.1002/adma.202002163,2020-05-25T12:00:00-07:00
10.1002/adma.201907041,2020-05-25T12:00:00-07:00
10.1002/adma.202001906,2020-05-25T12:00:00-07:00
10.1002/adma.202001360,2020-05-25T12:27:33-07:00
10.1002/adma.202001741,2020-05-25T12:28:03-07:00
10.1002/adma.202000617,2020-05-25T12:29:10-07:00
10.1002/adma.202001496,2020-05-25T12:29:56-07:00
10.1002/adma.201904346,2020-05-25T12:29:57-07:00
10.1002/adma.201907692,2020-05-25T12:32:19-07:00
10.1002/adma.202000571,2020-05-25T12:43:34-07:00
10.1002/adma.202002189,2020-05-25T02:56:46-07:00
10.1002/adma.202002300,2020-05-25T02:57:50-07:00
10.1002/adma.202000575,2020-05-25T03:05:15-07:00
10.1002/adma.202070166,2020-05-25T02:09:16-07:00
10.1002/adma.202070165,2020-05-25T02:09:16-07:00
10.1002/adma.202070164,2020-05-25T02:09:16-07:00
10.1002/adma.202070163,2020-05-25T02:09:16-07:00
10.1002/adma.202070162,2020-05-25T02:09:16-07:00
10.1002/adma.202070161,2020-05-25T02:09:16-07:00
10.1002/adma.202001532,2020-05-25T02:09:16-07:00
10.1002/adma.201908357,2020-05-26T04:58:11-07:00
10.1002/adma.202001258,2020-05-27T12:00:00-07:00
10.1002/adma.202001303,2020-05-27T12:00:00-07:00
10.1002/adma.202000340,2020-05-27T01:50:47-07:00
10.1002/adma.201908435,2020-05-27T02:05:21-07:00
10.1002/adma.202001874,2020-05-27T02:07:03-07:00
10.1002/adma.202000607,2020-05-27T04:09:32-07:00
10.1002/adma.202002495,2020-05-27T11:57:16-07:00
10.1002/adma.202001693,2020-05-28T06:21:55-07:00
10.1002/adma.202000995,2020-05-28T10:41:23-07:00
10.1002/adma.202000952,2020-05-28T12:00:00-07:00
10.1002/adma.202001943,2020-05-28T10:43:59-07:00
10.1002/adma.202001418,2020-05-28T10:45:05-07:00
10.1002/adma.202000288,2020-05-29T12:48:52-07:00
10.1002/adma.201906697,2020-06-02T12:00:00-07:00
10.1002/adma.202002127,2020-06-02T12:00:00-07:00
10.1002/adma.202001086,2020-06-02T01:49:40-07:00
10.1002/adma.201905318,2020-06-02T01:50:00-07:00
10.1002/adma.201907296,2020-06-02T01:54:14-07:00
10.1002/adma.202001429,2020-06-02T01:56:53-07:00
10.1002/adma.202001034,2020-06-02T02:11:05-07:00
10.1002/adma.202002043,2020-06-02T02:11:07-07:00
10.1002/adma.202000596,2020-06-02T02:13:04-07:00
10.1002/adma.202000130,2020-06-02T02:13:44-07:00
10.1002/adma.202001459,2020-06-02T02:44:05-07:00
10.1002/adma.202002170,2020-06-02T02:44:12-07:00
10.1002/adma.202070168,2020-06-02T08:42:19-07:00
10.1002/adma.202070167,2020-06-02T08:42:19-07:00
10.1002/adma.202070173,2020-06-02T08:42:19-07:00
10.1002/adma.202070172,2020-06-02T08:42:19-07:00
10.1002/adma.202070171,2020-06-02T08:42:19-07:00
10.1002/adma.202070169,2020-06-02T08:42:19-07:00
10.1002/adma.202070170,2020-06-02T08:42:19-07:00
10.1002/adma.201908176,2020-06-03T12:00:00-07:00
10.1002/adma.202002387,2020-06-03T12:00:00-07:00
10.1002/adma.202000855,2020-06-03T12:00:00-07:00
10.1002/adma.202001172,2020-06-03T05:11:28-07:00
10.1002/adma.202001300,2020-06-03T05:17:06-07:00
10.1002/adma.202002584,2020-06-03T05:56:29-07:00
10.1002/adma.202001260,2020-06-03T11:30:28-07:00
10.1002/adma.202001626,2020-06-04T12:00:00-07:00
10.1002/adma.201906539,2020-06-04T01:59:14-07:00
10.1002/adma.202001227,2020-06-05T12:00:41-07:00
10.1002/adma.202000870,2020-06-05T12:00:54-07:00
10.1002/adma.202001200,2020-06-05T01:01:04-07:00
10.1002/adma.202000218,2020-06-05T01:02:16-07:00
10.1002/adma.202001998,2020-06-05T01:02:59-07:00
10.1002/adma.201906738,2020-06-05T02:06:00-07:00
10.1002/adma.202000797,2020-06-08T01:00:03-07:00
10.1002/adma.202001997,2020-06-08T12:00:00-07:00
10.1002/adma.202001999,2020-06-08T07:04:25-07:00
10.1002/adma.202000556,2020-06-08T07:47:27-07:00
10.1002/adma.202002361,2020-06-08T07:48:31-07:00
10.1002/adma.202000216,2020-06-08T08:01:04-07:00
10.1002/adma.202001228,2020-06-09T12:00:00-07:00
10.1002/adma.202000953,2020-06-09T12:00:00-07:00
10.1002/adma.202002342,2020-06-09T12:00:00-07:00
10.1002/adma.202001476,2020-06-09T12:00:00-07:00
10.1002/adma.202002166,2020-06-09T11:05:45-07:00
10.1002/adma.201908537,2020-06-09T11:07:23-07:00
10.1002/adma.202002120,2020-06-09T11:08:43-07:00
10.1002/adma.202001388,2020-06-10T12:00:00-07:00
10.1002/adma.202070179,2020-06-10T06:00:34-07:00
10.1002/adma.202070178,2020-06-10T06:00:34-07:00
10.1002/adma.202070177,2020-06-10T06:00:34-07:00
10.1002/adma.202070176,2020-06-10T06:00:34-07:00
10.1002/adma.202070175,2020-06-10T06:00:34-07:00
10.1002/adma.202070174,2020-06-10T06:00:34-07:00
10.1002/adma.202070180,2020-06-10T06:00:34-07:00
10.1002/adma.202001566,2020-06-10T08:51:36-07:00
10.1002/adma.202001656,2020-06-11T12:00:00-07:00
10.1002/adma.201907601,2020-06-11T12:00:00-07:00
10.1002/adma.202002066,2020-06-11T11:06:43-07:00
10.1002/adma.201905591,2020-06-11T11:06:50-07:00
10.1002/adma.202000041,2020-06-11T11:07:05-07:00
10.1002/adma.202001232,2020-06-11T11:07:10-07:00
10.1002/adma.202001560,2020-06-11T11:08:59-07:00
10.1002/adma.202002034,2020-06-11T11:09:32-07:00
10.1002/adma.201908061,2020-06-12T02:15:33-07:00
10.1002/adma.202000597,2020-06-12T04:57:38-07:00
10.1002/adma.202000922,2020-06-14T12:00:00-07:00
10.1002/adma.202001976,2020-06-14T11:35:47-07:00
10.1002/adma.202002332,2020-06-14T11:35:57-07:00
10.1002/adma.202002566,2020-06-14T11:36:02-07:00
10.1002/adma.202002183,2020-06-14T11:36:04-07:00
10.1002/adma.202001033,2020-06-14T11:36:07-07:00
10.1002/adma.202001085,2020-06-14T11:36:08-07:00
10.1002/adma.202000936,2020-06-14T11:36:18-07:00
10.1002/adma.202002430,2020-06-15T12:00:00-07:00
10.1002/adma.202001543,2020-06-15T12:00:00-07:00
10.1002/adma.202000992,2020-06-15T12:00:00-07:00
10.1002/adma.202002658,2020-06-15T02:02:02-07:00
10.1002/adma.202001808,2020-06-15T02:06:42-07:00
10.1002/adma.202070186,2020-06-16T02:14:23-07:00
10.1002/adma.202070185,2020-06-16T02:14:23-07:00
10.1002/adma.202070182,2020-06-16T02:14:23-07:00
10.1002/adma.202070181,2020-06-16T02:14:23-07:00
10.1002/adma.202070183,2020-06-16T02:14:23-07:00
10.1002/adma.202070184,2020-06-16T02:14:23-07:00
10.1002/adma.201908410,2020-06-16T04:34:40-07:00
10.1002/adma.201905366,2020-06-17T12:51:52-07:00
10.1002/adma.202002577,2020-06-17T12:53:21-07:00
10.1002/adma.202000892,2020-06-18T12:32:24-07:00
10.1002/adma.202001291,2020-06-18T12:34:50-07:00
10.1002/adma.201904131,2020-06-18T10:17:58-07:00
10.1002/adma.201907449,2020-06-21T11:56:00-07:00
10.1002/adma.202000299,2020-06-21T11:56:36-07:00
10.1002/adma.201907927,2020-06-21T11:57:22-07:00
10.1002/adma.202000189,2020-06-21T11:57:38-07:00
10.1002/adma.202001054,2020-06-21T11:58:29-07:00
10.1002/adma.202001642,2020-06-21T11:58:31-07:00
10.1002/adma.202002333,2020-06-21T11:58:59-07:00
10.1002/adma.202001292,2020-06-21T11:59:34-07:00
10.1002/adma.202002849,2020-06-22T12:00:00-07:00
10.1002/adma.202002060,2020-06-22T12:00:00-07:00
10.1002/adma.202001167,2020-06-22T01:02:12-07:00
10.1002/adma.202003134,2020-06-22T01:03:21-07:00
10.1002/adma.202002893,2020-06-22T01:30:14-07:00
10.1002/adma.202001119,2020-06-22T01:34:50-07:00
10.1002/adma.202002356,2020-06-22T01:35:21-07:00
10.1002/adma.202001118,2020-06-23T06:47:03-07:00
10.1002/adma.202000960,2020-06-23T11:54:03-07:00
10.1002/adma.202000306,2020-06-23T11:57:04-07:00
10.1002/adma.202002611,2020-06-23T11:57:13-07:00
10.1002/adma.202001135,2020-06-23T11:57:14-07:00
10.1002/adma.202000699,2020-06-23T11:57:30-07:00
10.1002/adma.202000631,2020-06-23T11:58:56-07:00
10.1002/adma.202002195,2020-06-24T12:00:28-07:00
10.1002/adma.202000512,2020-06-24T12:03:10-07:00
10.1002/adma.201907818,2020-06-24T12:04:34-07:00
10.1002/adma.202070193,2020-06-24T02:20:47-07:00
10.1002/adma.202070192,2020-06-24T02:20:47-07:00
10.1002/adma.202070191,2020-06-24T02:20:47-07:00
10.1002/adma.202070188,2020-06-24T02:20:47-07:00
10.1002/adma.202070187,2020-06-24T02:20:47-07:00
10.1002/adma.202070189,2020-06-24T02:20:47-07:00
10.1002/adma.202070190,2020-06-24T02:20:47-07:00
10.1002/adma.202000273,2020-06-24T05:41:46-07:00
10.1002/adma.202002902,2020-06-24T05:43:19-07:00
10.1002/adma.202001591,2020-06-25T12:00:00-07:00
10.1002/adma.201906129,2020-06-25T12:00:00-07:00
10.1002/adma.202002403,2020-06-25T12:00:00-07:00
10.1002/adma.202001581,2020-06-25T12:00:00-07:00
10.1002/adma.201907180,2020-06-25T12:00:00-07:00
10.1002/adma.202001068,2020-06-25T01:21:12-07:00
10.1002/adma.201908015,2020-06-25T02:00:21-07:00
10.1002/adma.202002831,2020-06-25T02:02:10-07:00
10.1002/adma.202000165,2020-06-25T02:08:20-07:00
10.1002/adma.201907623,2020-06-25T02:10:37-07:00
10.1002/adma.202002080,2020-06-25T02:13:21-07:00
10.1002/adma.202002717,2020-06-25T07:31:07-07:00
10.1002/adma.202002297,2020-06-25T07:36:15-07:00
10.1002/adma.202001218,2020-06-26T12:00:00-07:00
10.1002/adma.202002357,2020-06-26T12:46:08-07:00
10.1002/adma.202001981,2020-06-26T12:50:32-07:00
10.1002/adma.202002235,2020-06-26T12:51:07-07:00
10.1002/adma.202002647,2020-06-26T05:04:53-07:00
10.1002/adma.202002706,2020-06-26T05:48:54-07:00
10.1002/adma.202003146,2020-06-26T05:50:40-07:00
10.1002/adma.202002878,2020-06-28T12:00:00-07:00
10.1002/adma.202001348,2020-06-28T12:00:00-07:00
10.1002/adma.202003493,2020-06-28T12:00:00-07:00
10.1002/adma.202002607,2020-06-28T11:30:11-07:00
10.1002/adma.202002443,2020-06-28T11:33:27-07:00
10.1002/adma.202000038,2020-06-28T11:35:13-07:00
10.1002/adma.201907746,2020-06-28T11:36:30-07:00
10.1002/adma.202002137,2020-06-28T11:38:08-07:00
10.1002/adma.202003070,2020-06-28T11:40:43-07:00
10.1002/adma.202002160,2020-06-28T11:40:59-07:00
10.1002/adma.202002168,2020-06-28T11:58:31-07:00
10.1002/adma.202002610,2020-06-29T12:00:00-07:00
10.1002/adma.201907880,2020-06-29T12:06:29-07:00
10.1002/adma.202001592,2020-06-29T12:00:00-07:00
10.1002/adma.202002129,2020-06-29T10:28:56-07:00
10.1002/adma.202001466,2020-06-30T10:58:31-07:00
10.1002/adma.202001890,2020-06-30T10:59:38-07:00
10.1002/adma.202002044,2020-06-30T11:02:03-07:00
10.1002/adma.202000449,2020-07-01T12:00:00-07:00
10.1002/adma.202070200,2020-07-01T02:06:05-07:00
10.1002/adma.202070199,2020-07-01T02:06:05-07:00
10.1002/adma.202070198,2020-07-01T02:06:05-07:00
10.1002/adma.202070197,2020-07-01T02:06:05-07:00
10.1002/adma.202070196,2020-07-01T02:06:05-07:00
10.1002/adma.202070195,2020-07-01T02:06:05-07:00
10.1002/adma.202070194,2020-07-01T02:06:05-07:00
10.1002/adma.202002292,2020-07-01T12:00:00-07:00
10.1002/adma.202002608,2020-07-01T10:40:41-07:00
10.1002/adma.202002550,2020-07-01T10:43:31-07:00
10.1002/adma.202002632,2020-07-01T10:44:05-07:00
10.1002/adma.202001621,2020-07-01T10:44:40-07:00
10.1002/adma.202000121,2020-07-01T10:45:38-07:00
10.1002/adma.202002812,2020-07-02T12:00:00-07:00
10.1002/adma.202001248,2020-07-02T10:36:34-07:00
10.1002/adma.201905784,2020-07-06T12:00:00-07:00
10.1002/adma.202002979,2020-07-06T12:00:00-07:00
10.1002/adma.202002401,2020-07-06T12:00:00-07:00
10.1002/adma.202002718,2020-07-06T12:00:00-07:00
10.1002/adma.202001863,2020-07-06T12:00:00-07:00
10.1002/adma.202001889,2020-07-06T01:59:07-07:00
10.1002/adma.202001419,2020-07-06T02:45:52-07:00
10.1002/adma.202003563,2020-07-06T02:54:14-07:00
10.1002/adma.202001540,2020-07-06T02:56:05-07:00
10.1002/adma.202002177,2020-07-06T02:56:18-07:00
10.1002/adma.202001699,2020-07-06T02:56:19-07:00
10.1002/adma.202001146,2020-07-06T02:56:29-07:00
10.1002/adma.202000982,2020-07-06T02:56:40-07:00
10.1002/adma.202002779,2020-07-06T02:56:42-07:00
10.1002/adma.202001470,2020-07-06T02:59:32-07:00
10.1002/adma.202000315,2020-07-06T03:00:25-07:00
10.1002/adma.202001069,2020-07-07T12:00:00-07:00
10.1002/adma.202001345,2020-07-07T07:44:12-07:00
10.1002/adma.201903800,2020-07-07T03:55:36-07:00
10.1002/adma.201903665,2020-07-07T03:55:36-07:00
10.1002/adma.201906105,2020-07-07T03:55:36-07:00
10.1002/adma.201902039,2020-07-07T03:55:36-07:00
10.1002/adma.201903762,2020-07-07T03:55:36-07:00
10.1002/adma.201903747,2020-07-07T03:55:36-07:00
10.1002/adma.201903790,2020-07-07T03:55:36-07:00
10.1002/adma.201907392,2020-07-07T03:55:36-07:00
10.1002/adma.201903775,2020-07-07T03:55:36-07:00
10.1002/adma.201904646,2020-07-07T03:55:36-07:00
10.1002/adma.201904337,2020-07-07T03:55:36-07:00
10.1002/adma.201903639,2020-07-07T03:55:36-07:00
10.1002/adma.201904177,2020-07-07T03:55:36-07:00
10.1002/adma.201903808,2020-07-07T03:55:36-07:00
10.1002/adma.201903787,2020-07-07T03:55:36-07:00
10.1002/adma.201903796,2020-07-07T03:55:36-07:00
10.1002/adma.201904354,2020-07-07T03:55:36-07:00
10.1002/adma.201904593,2020-07-07T03:55:36-07:00
10.1002/adma.201903945,2020-07-07T03:55:36-07:00
10.1002/adma.201904508,2020-07-07T03:55:36-07:00
10.1002/adma.201904935,2020-07-07T03:55:36-07:00
10.1002/adma.201904123,2020-07-07T03:55:36-07:00
10.1002/adma.202070206,2020-07-07T03:55:36-07:00
10.1002/adma.202070205,2020-07-07T03:55:36-07:00
10.1002/adma.202070202,2020-07-07T03:55:36-07:00
10.1002/adma.202070201,2020-07-07T03:55:36-07:00
10.1002/adma.202070203,2020-07-07T03:55:36-07:00
10.1002/adma.202070204,2020-07-07T03:55:36-07:00
10.1002/adma.201907498,2020-07-07T03:55:36-07:00
10.1002/adma.202002320,2020-07-08T12:00:00-07:00
10.1002/adma.202003021,2020-07-08T12:00:00-07:00
10.1002/adma.202000678,2020-07-08T01:54:09-07:00
10.1002/adma.202002038,2020-07-08T01:55:38-07:00
10.1002/adma.202001818,2020-07-08T01:56:59-07:00
10.1002/adma.202002603,2020-07-09T12:00:00-07:00
10.1002/adma.202001848,2020-07-09T12:00:00-07:00
10.1002/adma.202003060,2020-07-09T12:00:00-07:00
10.1002/adma.202001571,2020-07-09T12:00:00-07:00
10.1002/adma.202002850,2020-07-09T12:00:00-07:00
10.1002/adma.202002475,2020-07-09T01:31:40-07:00
10.1002/adma.202000153,2020-07-09T01:32:17-07:00
10.1002/adma.202003082,2020-07-09T01:32:43-07:00
10.1002/adma.202002653,2020-07-09T01:33:15-07:00
10.1002/adma.202001222,2020-07-09T05:42:58-07:00
10.1002/adma.202002329,2020-07-10T01:19:55-07:00
10.1002/adma.202002910,2020-07-12T12:00:00-07:00
10.1002/adma.201908120,2020-07-12T12:00:00-07:00
10.1002/adma.202002565,2020-07-12T10:40:52-07:00
10.1002/adma.201907404,2020-07-12T10:42:56-07:00
10.1002/adma.202001944,2020-07-12T10:43:01-07:00
10.1002/adma.202000223,2020-07-12T10:43:25-07:00
10.1002/adma.202002710,2020-07-12T10:43:36-07:00
10.1002/adma.202002739,2020-07-12T10:43:47-07:00
10.1002/adma.202003425,2020-07-12T10:46:53-07:00
10.1002/adma.202003128,2020-07-14T07:25:22-07:00
10.1002/adma.202003125,2020-07-14T07:25:22-07:00
10.1002/adma.202070209,2020-07-14T07:25:22-07:00
10.1002/adma.202070208,2020-07-14T07:25:22-07:00
10.1002/adma.202070207,2020-07-14T07:25:22-07:00
10.1002/adma.202003751,2020-07-14T07:25:22-07:00
10.1002/adma.202003130,2020-07-14T07:25:22-07:00
10.1002/adma.202070213,2020-07-14T07:25:22-07:00
10.1002/adma.202070212,2020-07-14T07:25:22-07:00
10.1002/adma.202070211,2020-07-14T07:25:22-07:00
10.1002/adma.202070210,2020-07-14T07:25:22-07:00
10.1002/adma.202000531,2020-07-14T12:00:00-07:00
10.1002/adma.202000809,2020-07-14T12:00:00-07:00
10.1002/adma.202003380,2020-07-14T12:00:00-07:00
10.1002/adma.202002281,2020-07-14T11:23:51-07:00
10.1002/adma.202002525,2020-07-14T11:23:52-07:00
10.1002/adma.202002435,2020-07-14T11:23:55-07:00
10.1002/adma.202002165,2020-07-14T11:23:57-07:00
10.1002/adma.201905406,2020-07-14T11:51:05-07:00
10.1002/adma.202002661,2020-07-15T06:25:25-07:00
10.1002/adma.202002960,2020-07-15T12:00:00-07:00
10.1002/adma.201907098,2020-07-15T11:55:08-07:00
10.1002/adma.202000381,2020-07-16T12:00:00-07:00
10.1002/adma.202002563,2020-07-16T12:10:02-07:00
10.1002/adma.202001731,2020-07-16T06:29:49-07:00
10.1002/adma.202000608,2020-07-16T06:39:27-07:00
10.1002/adma.202001430,2020-07-19T12:00:00-07:00
10.1002/adma.202000682,2020-07-19T10:47:37-07:00
10.1002/adma.202002112,2020-07-19T10:47:41-07:00
10.1002/adma.202000896,2020-07-19T10:47:43-07:00
10.1002/adma.201908269,2020-07-19T11:42:18-07:00
10.1002/adma.202002344,2020-07-19T11:42:58-07:00
10.1002/adma.202002619,2020-07-19T11:44:12-07:00
10.1002/adma.202002406,2020-07-19T11:44:31-07:00
10.1002/adma.202000630,2020-07-19T11:45:05-07:00
10.1002/adma.202002392,2020-07-19T11:46:01-07:00
10.1002/adma.202000697,2020-07-19T11:47:30-07:00
10.1002/adma.202002628,2020-07-19T11:47:31-07:00
10.1002/adma.202001868,2020-07-19T11:48:09-07:00
10.1002/adma.202002695,2020-07-19T11:48:15-07:00
10.1002/adma.202003657,2020-07-19T11:52:19-07:00
10.1002/adma.202003252,2020-07-19T11:53:23-07:00
10.1002/adma.202001460,2020-07-21T12:00:00-07:00
10.1002/adma.202070219,2020-07-21T01:26:45-07:00
10.1002/adma.202070218,2020-07-21T01:26:45-07:00
10.1002/adma.202070217,2020-07-21T01:26:45-07:00
10.1002/adma.202070216,2020-07-21T01:26:45-07:00
10.1002/adma.202070215,2020-07-21T01:26:45-07:00
10.1002/adma.202070214,2020-07-21T01:26:45-07:00
10.1002/adma.202070220,2020-07-21T01:26:45-07:00
10.1002/adma.202003123,2020-07-21T01:26:45-07:00
10.1002/adma.202001439,2020-07-21T05:20:19-07:00
10.1002/adma.202002556,2020-07-21T06:45:29-07:00
10.1002/adma.202000718,2020-07-21T12:00:00-07:00
10.1002/adma.202003210,2020-07-21T11:10:53-07:00
10.1002/adma.202002875,2020-07-21T11:25:32-07:00
10.1002/adma.202002251,2020-07-21T11:34:25-07:00
10.1002/adma.202002784,2020-07-22T12:00:00-07:00
10.1002/adma.202002451,2020-07-22T12:00:00-07:00
10.1002/adma.202003530,2020-07-22T06:51:05-07:00
10.1002/adma.202002927,2020-07-22T07:22:32-07:00
10.1002/adma.202002638,2020-07-23T12:00:00-07:00
10.1002/adma.201907071,2020-07-23T12:00:00-07:00
10.1002/adma.202002431,2020-07-23T12:45:55-07:00
10.1002/adma.202002723,2020-07-23T01:05:38-07:00
10.1002/adma.202001108,2020-07-23T01:05:39-07:00
10.1002/adma.202001736,2020-07-23T01:07:00-07:00
10.1002/adma.202002564,2020-07-23T01:07:52-07:00
10.1002/adma.202001215,2020-07-23T01:08:24-07:00
10.1002/adma.202002341,2020-07-23T12:00:00-07:00
10.1002/adma.202000096,2020-07-23T09:20:39-07:00
10.1002/adma.202002352,2020-07-23T12:00:00-07:00
10.1002/adma.202002171,2020-07-23T12:00:00-07:00
10.1002/adma.202000721,2020-07-23T09:23:15-07:00
10.1002/adma.202002972,2020-07-23T09:23:21-07:00
10.1002/adma.202000688,2020-07-23T09:23:53-07:00
10.1002/adma.202002246,2020-07-23T09:24:26-07:00
10.1002/adma.202002822,2020-07-23T09:24:34-07:00
10.1002/adma.202003649,2020-07-26T10:47:05-07:00
10.1002/adma.202002039,2020-07-26T10:47:05-07:00
10.1002/adma.202002620,2020-07-26T10:48:04-07:00
10.1002/adma.202002570,2020-07-26T10:48:05-07:00
10.1002/adma.202002702,2020-07-26T10:48:20-07:00
10.1002/adma.202001284,2020-07-26T10:49:12-07:00
10.1002/adma.202002811,2020-07-26T10:49:25-07:00
10.1002/adma.202001994,2020-07-26T10:50:34-07:00
10.1002/adma.202002559,2020-07-26T10:51:38-07:00
10.1002/adma.202001989,2020-07-26T10:51:51-07:00
10.1002/adma.202003213,2020-07-28T01:08:55-07:00
10.1002/adma.202002716,2020-07-28T12:00:00-07:00
10.1002/adma.202070228,2020-07-28T01:04:00-07:00
10.1002/adma.202070227,2020-07-28T01:04:00-07:00
10.1002/adma.202070226,2020-07-28T01:04:00-07:00
10.1002/adma.202070225,2020-07-28T01:04:00-07:00
10.1002/adma.202070222,2020-07-28T01:04:00-07:00
10.1002/adma.202070221,2020-07-28T01:04:00-07:00
10.1002/adma.202070223,2020-07-28T01:04:00-07:00
10.1002/adma.202070224,2020-07-28T01:04:00-07:00
10.1002/adma.202000581,2020-07-28T10:54:45-07:00
10.1002/adma.202002254,2020-07-28T10:57:29-07:00
10.1002/adma.202001240,2020-07-29T12:00:00-07:00
10.1002/adma.202001249,2020-07-29T06:49:19-07:00
10.1002/adma.202003033,2020-07-29T10:55:39-07:00
10.1002/adma.202002575,2020-07-30T10:43:30-07:00
10.1002/adma.202001259,2020-07-30T10:44:02-07:00
10.1002/adma.202001457,2020-07-30T10:48:14-07:00
10.1002/adma.201905585,2020-08-02T10:35:22-07:00
10.1002/adma.202002936,2020-08-02T10:42:43-07:00
10.1002/adma.202003399,2020-08-02T10:44:03-07:00
10.1002/adma.202002201,2020-08-02T10:44:45-07:00
10.1002/adma.202002178,2020-08-02T10:44:45-07:00
10.1002/adma.202002799,2020-08-02T10:45:53-07:00
10.1002/adma.202003286,2020-08-02T10:46:03-07:00
10.1002/adma.201907452,2020-08-02T10:46:29-07:00
10.1002/adma.202003020,2020-08-02T10:46:39-07:00
10.1002/adma.202000866,2020-08-02T10:46:51-07:00
10.1002/adma.202002442,2020-08-02T10:47:33-07:00
10.1002/adma.202001903,2020-08-02T10:47:58-07:00
10.1002/adma.202003121,2020-08-02T10:48:12-07:00
10.1002/adma.202002220,2020-08-02T11:05:47-07:00
10.1002/adma.202002758,2020-08-02T11:06:34-07:00
10.1002/adma.202001412,2020-08-04T01:06:17-07:00
10.1002/adma.202070229,2020-08-04T03:17:29-07:00
10.1002/adma.202070236,2020-08-04T03:17:29-07:00
10.1002/adma.202070235,2020-08-04T03:17:29-07:00
10.1002/adma.202070234,2020-08-04T03:17:29-07:00
10.1002/adma.202070233,2020-08-04T03:17:29-07:00
10.1002/adma.202070230,2020-08-04T03:17:29-07:00
10.1002/adma.202070231,2020-08-04T03:17:29-07:00
10.1002/adma.202070232,2020-08-04T03:17:29-07:00
10.1002/adma.202001763,2020-08-05T12:19:25-07:00
10.1002/adma.202002004,2020-08-05T12:20:06-07:00
10.1002/adma.202002748,2020-08-05T01:40:26-07:00
10.1002/adma.202003417,2020-08-06T12:00:00-07:00
10.1002/adma.202002945,2020-08-06T12:00:00-07:00
10.1002/adma.202003720,2020-08-06T01:36:49-07:00
10.1002/adma.202002953,2020-08-06T01:37:35-07:00
10.1002/adma.202001839,2020-08-06T01:37:49-07:00
10.1002/adma.202003382,2020-08-06T01:37:55-07:00
10.1002/adma.202003012,2020-08-06T01:38:37-07:00
10.1002/adma.202003437,2020-08-06T01:39:28-07:00
10.1002/adma.202001030,2020-08-06T05:59:47-07:00
10.1002/adma.202003032,2020-08-06T06:00:52-07:00
10.1002/adma.202003965,2020-08-07T01:13:47-07:00
10.1002/adma.202003723,2020-08-07T01:17:21-07:00
10.1002/adma.202001702,2020-08-07T01:17:23-07:00
10.1002/adma.202002753,2020-08-07T01:18:15-07:00
10.1002/adma.202001474,2020-08-07T01:19:55-07:00
10.1002/adma.202001329,2020-08-09T12:00:00-07:00
10.1002/adma.202003240,2020-08-09T12:00:00-07:00
10.1002/adma.202003297,2020-08-09T11:15:49-07:00
10.1002/adma.202002825,2020-08-09T11:15:49-07:00
10.1002/adma.202004157,2020-08-09T11:16:29-07:00
10.1002/adma.202001479,2020-08-09T11:16:33-07:00
10.1002/adma.202000818,2020-08-09T11:17:00-07:00
10.1002/adma.202003154,2020-08-10T11:00:05-07:00
10.1002/adma.202070243,2020-08-11T08:47:54-07:00
10.1002/adma.202070242,2020-08-11T08:47:54-07:00
10.1002/adma.202070241,2020-08-11T08:47:54-07:00
10.1002/adma.202070238,2020-08-11T08:47:54-07:00
10.1002/adma.202070237,2020-08-11T08:47:54-07:00
10.1002/adma.202070239,2020-08-11T08:47:54-07:00
10.1002/adma.202004410,2020-08-11T08:47:54-07:00
10.1002/adma.202004409,2020-08-11T08:47:54-07:00
10.1002/adma.202070240,2020-08-11T08:47:54-07:00
10.1002/adma.202003264,2020-08-11T09:03:17-07:00
10.1002/adma.202003920,2020-08-12T11:25:40-07:00
10.1002/adma.202002973,2020-08-13T06:59:31-07:00
10.1002/adma.202002504,2020-08-13T12:00:00-07:00
10.1002/adma.202003980,2020-08-13T10:06:26-07:00
10.1002/adma.202002425,2020-08-14T12:00:00-07:00
10.1002/adma.202002854,2020-08-14T12:00:00-07:00
10.1002/adma.202002404,2020-08-14T10:28:31-07:00
10.1002/adma.202001375,2020-08-14T10:29:22-07:00
10.1002/adma.202004240,2020-08-14T10:29:29-07:00
10.1002/adma.202002315,2020-08-16T12:00:00-07:00
10.1002/adma.202003912,2020-08-16T12:00:00-07:00
10.1002/adma.202003422,2020-08-16T11:32:01-07:00
10.1002/adma.202001106,2020-08-16T11:33:54-07:00
10.1002/adma.202000037,2020-08-16T11:33:55-07:00
10.1002/adma.202002099,2020-08-16T11:35:34-07:00
10.1002/adma.201907151,2020-08-16T11:37:26-07:00
10.1002/adma.202003315,2020-08-16T11:37:39-07:00
10.1002/adma.202002380,2020-08-16T11:37:42-07:00
10.1002/adma.202002824,2020-08-16T11:38:09-07:00
10.1002/adma.202002914,2020-08-16T11:38:29-07:00
10.1002/adma.202002032,2020-08-16T11:38:30-07:00
10.1002/adma.202000769,2020-08-16T11:38:31-07:00
10.1002/adma.202003897,2020-08-16T11:39:50-07:00
10.1002/adma.202002823,2020-08-18T12:00:00-07:00
10.1002/adma.202070249,2020-08-18T03:50:46-07:00
10.1002/adma.202070248,2020-08-18T03:50:46-07:00
10.1002/adma.202070245,2020-08-18T03:50:46-07:00
10.1002/adma.202070244,2020-08-18T03:50:46-07:00
10.1002/adma.202070250,2020-08-18T03:50:46-07:00
10.1002/adma.202070246,2020-08-18T03:50:46-07:00
10.1002/adma.202070247,2020-08-18T03:50:46-07:00
10.1002/adma.202003003,2020-08-18T11:26:00-07:00
10.1002/adma.202000751,2020-08-18T11:26:23-07:00
10.1002/adma.202003368,2020-08-18T11:27:23-07:00
10.1002/adma.202002302,2020-08-18T11:28:20-07:00
10.1002/adma.202000857,2020-08-19T12:00:00-07:00
10.1002/adma.202004561,2020-08-19T09:56:44-07:00
10.1002/adma.202003414,2020-08-19T09:56:47-07:00
10.1002/adma.202003901,2020-08-19T09:59:30-07:00
10.1002/adma.202000891,2020-08-19T09:59:32-07:00
10.1002/adma.202003616,2020-08-19T09:59:48-07:00
10.1002/adma.202003891,2020-08-19T10:02:07-07:00
10.1002/adma.202002652,2020-08-20T12:00:00-07:00
10.1002/adma.202003310,2020-08-20T12:00:00-07:00
10.1002/adma.202004300,2020-08-20T10:15:15-07:00
10.1002/adma.202002486,2020-08-20T10:17:27-07:00
10.1002/adma.202003040,2020-08-20T10:18:33-07:00
