10.1002/chem.201905878,2020-03-31T05:21:38-07:00
10.1002/chem.202000277,2020-03-31T05:24:25-07:00
10.1002/chem.202000535,2020-03-31T05:32:49-07:00
10.1002/chem.202000525,2020-03-31T05:33:27-07:00
10.1002/chem.202000753,2020-03-31T05:48:53-07:00
10.1002/chem.202000068,2020-03-31T05:53:19-07:00
10.1002/chem.201905805,2020-04-01T12:00:00-07:00
10.1002/chem.202000661,2020-04-01T12:30:25-07:00
10.1002/chem.202000962,2020-04-01T12:31:55-07:00
10.1002/chem.202000052,2020-04-01T12:33:41-07:00
10.1002/chem.202000789,2020-04-01T12:41:15-07:00
10.1002/chem.202000218,2020-04-01T12:46:40-07:00
10.1002/chem.201905735,2020-04-01T12:47:13-07:00
10.1002/chem.202000284,2020-04-01T12:47:29-07:00
10.1002/chem.201905764,2020-04-01T12:47:51-07:00
10.1002/chem.202000174,2020-04-01T01:52:38-07:00
10.1002/chem.202000773,2020-04-02T12:00:00-07:00
10.1002/chem.202000216,2020-04-02T11:14:39-07:00
10.1002/chem.201905397,2020-04-06T03:45:13-07:00
10.1002/chem.202000209,2020-04-06T03:45:47-07:00
10.1002/chem.201905665,2020-04-06T03:46:47-07:00
10.1002/chem.201905546,2020-04-06T03:47:06-07:00
10.1002/chem.202000338,2020-04-06T03:51:15-07:00
10.1002/chem.202000594,2020-04-06T03:51:18-07:00
10.1002/chem.202000322,2020-04-06T08:12:01-07:00
10.1002/chem.202000246,2020-04-06T09:15:55-07:00
10.1002/chem.202000481,2020-04-06T07:35:21-07:00
10.1002/chem.202001159,2020-04-06T07:39:30-07:00
10.1002/chem.201905599,2020-04-06T11:55:12-07:00
10.1002/chem.202001494,2020-04-07T12:00:00-07:00
10.1002/chem.202001654,2020-04-07T12:00:00-07:00
10.1002/chem.202000325,2020-04-07T12:00:00-07:00
10.1002/chem.202000383,2020-04-07T02:41:17-07:00
10.1002/chem.202001608,2020-04-07T05:51:23-07:00
10.1002/chem.202000422,2020-04-07T08:48:08-07:00
10.1002/chem.202000759,2020-04-07T10:04:06-07:00
10.1002/chem.202000091,2020-04-07T10:04:28-07:00
10.1002/chem.202000888,2020-04-07T10:04:52-07:00
10.1002/chem.202001036,2020-04-07T10:05:11-07:00
10.1002/chem.202000972,2020-04-07T10:14:05-07:00
10.1002/chem.202000698,2020-04-07T10:03:49-07:00
10.1002/chem.202001355,2020-04-08T12:00:00-07:00
10.1002/chem.202001324,2020-04-08T12:00:00-07:00
10.1002/chem.202001129,2020-04-08T12:00:00-07:00
10.1002/chem.202000493,2020-04-08T02:32:17-07:00
10.1002/chem.202000028,2020-04-08T02:32:17-07:00
10.1002/chem.202000434,2020-04-08T02:32:17-07:00
10.1002/chem.201905597,2020-04-08T02:32:17-07:00
10.1002/chem.201905144,2020-04-08T02:32:17-07:00
10.1002/chem.201905262,2020-04-08T02:32:17-07:00
10.1002/chem.202000309,2020-04-08T02:32:17-07:00
10.1002/chem.201904568,2020-04-08T02:32:17-07:00
10.1002/chem.201904523,2020-04-08T02:32:17-07:00
10.1002/chem.202000917,2020-04-08T02:32:17-07:00
10.1002/chem.202000492,2020-04-08T02:32:17-07:00
10.1002/chem.202082163,2020-04-08T02:32:17-07:00
10.1002/chem.202082162,2020-04-08T02:32:17-07:00
10.1002/chem.202082161,2020-04-08T02:32:17-07:00
10.1002/chem.202000923,2020-04-08T02:32:17-07:00
10.1002/chem.202000858,2020-04-08T02:32:17-07:00
10.1002/chem.201904871,2020-04-08T02:32:17-07:00
10.1002/chem.202000741,2020-04-08T02:32:17-07:00
10.1002/chem.202000124,2020-04-08T02:32:17-07:00
10.1002/chem.202000122,2020-04-08T02:32:17-07:00
10.1002/chem.201904744,2020-04-08T02:32:17-07:00
10.1002/chem.201904555,2020-04-08T02:32:17-07:00
10.1002/chem.201904672,2020-04-08T02:32:17-07:00
10.1002/chem.201905234,2020-04-08T02:32:17-07:00
10.1002/chem.201905786,2020-04-08T02:32:17-07:00
10.1002/chem.201905166,2020-04-08T02:32:17-07:00
10.1002/chem.201905473,2020-04-08T02:32:17-07:00
10.1002/chem.202000415,2020-04-08T02:32:17-07:00
10.1002/chem.202000101,2020-04-08T02:32:17-07:00
10.1002/chem.201905400,2020-04-08T02:32:17-07:00
10.1002/chem.201905193,2020-04-08T02:32:17-07:00
10.1002/chem.202000288,2020-04-08T02:32:17-07:00
10.1002/chem.201905605,2020-04-08T02:32:17-07:00
10.1002/chem.202001057,2020-04-08T05:47:23-07:00
10.1002/chem.202000624,2020-04-08T06:49:53-07:00
10.1002/chem.202001120,2020-04-08T08:25:26-07:00
10.1002/chem.202001668,2020-04-08T08:25:42-07:00
10.1002/chem.202000707,2020-04-08T10:52:03-07:00
10.1002/chem.202000340,2020-04-08T11:02:39-07:00
10.1002/chem.202001144,2020-04-08T06:52:09-07:00
10.1002/chem.202000179,2020-04-08T06:53:42-07:00
10.1002/chem.202001238,2020-04-09T12:00:00-07:00
10.1002/chem.201905417,2020-04-09T12:00:00-07:00
10.1002/chem.202000876,2020-04-09T06:10:00-07:00
10.1002/chem.201905618,2020-04-09T06:11:49-07:00
10.1002/chem.201905629,2020-04-09T06:12:19-07:00
10.1002/chem.201905795,2020-04-09T06:19:34-07:00
10.1002/chem.201905475,2020-04-09T06:21:22-07:00
10.1002/chem.202001697,2020-04-09T10:49:11-07:00
10.1002/chem.202001731,2020-04-09T11:19:16-07:00
10.1002/chem.202001089,2020-04-09T06:49:13-07:00
10.1002/chem.202000965,2020-04-09T06:50:13-07:00
10.1002/chem.202000537,2020-04-09T06:55:09-07:00
10.1002/chem.202001609,2020-04-09T08:19:07-07:00
10.1002/chem.202000957,2020-04-10T01:50:39-07:00
10.1002/chem.202001124,2020-04-10T02:20:49-07:00
10.1002/chem.202001077,2020-04-10T05:20:09-07:00
10.1002/chem.202001700,2020-04-11T12:19:10-07:00
10.1002/chem.202001457,2020-04-11T01:49:41-07:00
10.1002/chem.202000507,2020-04-12T06:59:14-07:00
10.1002/chem.202000764,2020-04-12T08:54:09-07:00
10.1002/chem.202001039,2020-04-13T02:29:41-07:00
10.1002/chem.202001379,2020-04-14T12:00:00-07:00
10.1002/chem.202001357,2020-04-14T12:00:00-07:00
10.1002/chem.202000166,2020-04-14T12:00:00-07:00
10.1002/chem.202001261,2020-04-14T03:58:39-07:00
10.1002/chem.202001755,2020-04-14T05:59:35-07:00
10.1002/chem.202001757,2020-04-14T12:59:34-07:00
10.1002/chem.202001223,2020-04-14T07:05:48-07:00
10.1002/chem.202001756,2020-04-14T07:06:36-07:00
10.1002/chem.202000642,2020-04-14T10:03:26-07:00
10.1002/chem.202000749,2020-04-15T12:00:00-07:00
10.1002/chem.201905840,2020-04-15T12:00:00-07:00
10.1002/chem.201905345,2020-04-15T12:00:00-07:00
10.1002/chem.201905807,2020-04-15T12:00:00-07:00
10.1002/chem.202000147,2020-04-15T12:00:00-07:00
10.1002/chem.201905821,2020-04-15T12:00:00-07:00
10.1002/chem.201905533,2020-04-15T12:15:00-07:00
10.1002/chem.201905781,2020-04-15T12:15:46-07:00
10.1002/chem.201905455,2020-04-15T12:19:56-07:00
10.1002/chem.202000447,2020-04-15T12:21:52-07:00
10.1002/chem.202001150,2020-04-15T12:23:50-07:00
10.1002/chem.202000437,2020-04-15T12:25:37-07:00
10.1002/chem.202000517,2020-04-15T12:27:39-07:00
10.1002/chem.202000720,2020-04-15T12:33:00-07:00
10.1002/chem.202000232,2020-04-15T12:35:36-07:00
10.1002/chem.202000294,2020-04-15T12:37:41-07:00
10.1002/chem.202001754,2020-04-15T04:07:57-07:00
10.1002/chem.202001442,2020-04-15T04:35:06-07:00
10.1002/chem.202000342,2020-04-15T05:19:11-07:00
10.1002/chem.201905686,2020-04-15T05:54:58-07:00
10.1002/chem.201905063,2020-04-15T05:59:46-07:00
10.1002/chem.202000533,2020-04-15T06:02:49-07:00
10.1002/chem.202001613,2020-04-15T06:16:18-07:00
10.1002/chem.202001158,2020-04-15T06:23:38-07:00
10.1002/chem.202000603,2020-04-15T06:24:52-07:00
10.1002/chem.201905752,2020-04-15T06:26:07-07:00
10.1002/chem.202000399,2020-04-15T06:26:32-07:00
10.1002/chem.202000079,2020-04-15T06:29:13-07:00
10.1002/chem.202001202,2020-04-15T07:04:33-07:00
10.1002/chem.202001179,2020-04-15T07:34:38-07:00
10.1002/chem.202001211,2020-04-15T08:34:29-07:00
10.1002/chem.202000851,2020-04-15T08:35:47-07:00
10.1002/chem.202000323,2020-04-15T08:35:56-07:00
10.1002/chem.202001349,2020-04-15T09:09:33-07:00
10.1002/chem.202001112,2020-04-15T09:58:25-07:00
10.1002/chem.202001602,2020-04-15T07:04:35-07:00
10.1002/chem.202001463,2020-04-15T07:06:22-07:00
10.1002/chem.202000562,2020-04-15T10:07:19-07:00
10.1002/chem.202001207,2020-04-06T07:45:30-07:00
10.1002/chem.202001577,2020-04-06T12:00:00-07:00
10.1002/chem.202001267,2020-04-06T12:00:00-07:00
10.1002/chem.202000245,2020-03-25T11:12:12-07:00
10.1002/chem.202000184,2020-03-26T12:00:00-07:00
10.1002/chem.201904877,2020-03-26T10:01:57-07:00
10.1002/chem.201905647,2020-03-26T10:03:30-07:00
10.1002/chem.201905768,2020-03-26T10:03:44-07:00
10.1002/chem.201905082,2020-03-26T10:04:30-07:00
10.1002/chem.202000431,2020-03-27T01:49:19-07:00
10.1002/chem.201905379,2020-03-30T12:20:34-07:00
10.1002/chem.201905866,2020-03-30T12:28:46-07:00
10.1002/chem.201905874,2020-03-30T12:30:17-07:00
10.1002/chem.201905740,2020-03-30T12:31:30-07:00
10.1002/chem.202000248,2020-03-30T02:31:42-07:00
10.1002/chem.201905432,2020-03-31T12:00:00-07:00
10.1002/chem.202000125,2020-03-31T05:14:00-07:00
10.1002/chem.202000310,2020-03-31T05:19:17-07:00
10.1002/chem.202000064,2020-03-31T05:20:06-07:00
10.1002/chem.201905653,2020-03-31T05:20:30-07:00
10.1002/chem.202000625,2020-04-02T12:00:00-07:00
10.1002/chem.202001479,2020-04-02T04:05:29-07:00
10.1002/chem.202001108,2020-04-02T04:37:06-07:00
10.1002/chem.202000989,2020-04-02T09:44:43-07:00
10.1002/chem.202000770,2020-04-02T09:44:44-07:00
10.1002/chem.202001196,2020-04-02T10:50:46-07:00
10.1002/chem.202000867,2020-04-03T08:01:43-07:00
10.1002/chem.202001276,2020-04-03T08:27:41-07:00
10.1002/chem.202001156,2020-04-03T09:16:39-07:00
10.1002/chem.202001011,2020-04-03T10:35:42-07:00
10.1002/chem.201905339,2020-03-20T10:50:57-07:00
10.1002/chem.202000139,2020-03-24T12:00:00-07:00
10.1002/chem.202000721,2020-03-24T02:55:48-07:00
10.1002/chem.201905794,2020-03-24T02:56:42-07:00
10.1002/chem.202000194,2020-03-24T02:58:38-07:00
10.1002/chem.201905793,2020-03-24T03:04:55-07:00
10.1002/chem.201905395,2020-03-24T03:09:59-07:00
10.1002/chem.201905140,2020-03-24T06:44:32-07:00
10.1002/chem.201905483,2020-03-24T06:46:26-07:00
10.1002/chem.202000797,2020-03-24T06:47:13-07:00
10.1002/chem.202000926,2020-03-24T08:44:43-07:00
10.1002/chem.202000468,2020-03-24T08:45:27-07:00
10.1002/chem.202000911,2020-03-24T08:46:45-07:00
10.1002/chem.202001412,2020-03-25T01:14:39-07:00
10.1002/chem.202001434,2020-03-25T03:13:12-07:00
10.1002/chem.202000289,2020-03-25T04:13:46-07:00
10.1002/chem.202001023,2020-03-25T04:44:28-07:00
10.1002/chem.202000448,2020-03-25T04:45:13-07:00
10.1002/chem.202000889,2020-03-25T04:45:17-07:00
10.1002/chem.201905812,2020-03-25T05:00:23-07:00
10.1002/chem.202000410,2020-03-25T05:04:37-07:00
10.1002/chem.202001079,2020-03-25T06:20:55-07:00
10.1002/chem.202000169,2020-03-25T07:27:55-07:00
10.1002/chem.202000358,2020-03-25T07:27:58-07:00
10.1002/chem.202000636,2020-03-25T07:29:49-07:00
10.1002/chem.202000902,2020-03-25T12:14:15-07:00
10.1002/chem.201905744,2020-03-25T11:10:47-07:00
10.1002/chem.202000045,2020-03-25T11:11:26-07:00
10.1002/chem.202001235,2020-03-26T12:00:00-07:00
10.1002/chem.202001432,2020-03-26T12:00:00-07:00
10.1002/chem.202000475,2020-03-26T03:45:09-07:00
10.1002/chem.202001439,2020-03-26T04:47:56-07:00
10.1002/chem.202001369,2020-03-26T07:19:40-07:00
10.1002/chem.202000595,2020-03-26T09:14:24-07:00
10.1002/chem.202000547,2020-03-26T10:15:37-07:00
10.1002/chem.202001022,2020-03-26T11:50:08-07:00
10.1002/chem.202000763,2020-03-26T08:45:57-07:00
10.1002/chem.202000969,2020-03-26T09:13:47-07:00
10.1002/chem.202000663,2020-03-27T12:00:00-07:00
10.1002/chem.202000857,2020-03-27T12:00:00-07:00
10.1002/chem.202000637,2020-03-27T12:00:00-07:00
10.1002/chem.202000893,2020-03-27T05:00:27-07:00
10.1002/chem.202000937,2020-03-27T05:02:01-07:00
10.1002/chem.201905825,2020-03-27T06:19:02-07:00
10.1002/chem.202000575,2020-03-27T06:20:26-07:00
10.1002/chem.202000981,2020-03-27T09:20:04-07:00
10.1002/chem.202001465,2020-03-27T09:21:27-07:00
10.1002/chem.202001053,2020-03-28T12:00:00-07:00
10.1002/chem.202000590,2020-03-28T04:45:01-07:00
10.1002/chem.202000622,2020-03-29T12:00:00-07:00
10.1002/chem.202000695,2020-03-29T07:00:47-07:00
10.1002/chem.202000268,2020-03-29T07:02:02-07:00
10.1002/chem.202000348,2020-03-29T10:56:35-07:00
10.1002/chem.202000488,2020-03-30T12:00:00-07:00
10.1002/chem.202000951,2020-03-30T02:35:38-07:00
10.1002/chem.202000146,2020-03-30T02:38:27-07:00
10.1002/chem.202001074,2020-03-30T03:33:20-07:00
10.1002/chem.202000993,2020-03-30T03:33:52-07:00
10.1002/chem.202001115,2020-03-30T03:34:57-07:00
10.1002/chem.202000821,2020-03-30T03:34:58-07:00
10.1002/chem.202001164,2020-03-30T03:55:29-07:00
10.1002/chem.202000679,2020-03-30T05:00:05-07:00
10.1002/chem.202000491,2020-03-30T05:26:35-07:00
10.1002/chem.201905704,2020-03-30T06:29:05-07:00
10.1002/chem.202000826,2020-03-30T11:55:44-07:00
10.1002/chem.202001478,2020-03-30T07:05:07-07:00
10.1002/chem.202001171,2020-03-30T11:23:22-07:00
10.1002/chem.202001514,2020-03-31T12:00:00-07:00
10.1002/chem.202001062,2020-03-31T12:00:00-07:00
10.1002/chem.202000927,2020-03-31T02:55:25-07:00
10.1002/chem.202000043,2020-03-31T07:30:24-07:00
10.1002/chem.202001509,2020-03-31T10:00:16-07:00
10.1002/chem.202000255,2020-04-01T02:16:08-07:00
10.1002/chem.202000376,2020-04-01T02:16:08-07:00
10.1002/chem.202000375,2020-04-01T02:16:08-07:00
10.1002/chem.201904949,2020-04-01T02:16:08-07:00
10.1002/chem.201904631,2020-04-01T02:16:08-07:00
10.1002/chem.201904750,2020-04-01T02:16:08-07:00
10.1002/chem.202001128,2020-04-01T02:16:08-07:00
10.1002/chem.201905249,2020-04-01T02:16:08-07:00
10.1002/chem.202081963,2020-04-01T02:16:08-07:00
10.1002/chem.202081962,2020-04-01T02:16:08-07:00
10.1002/chem.202081961,2020-04-01T02:16:08-07:00
10.1002/chem.202000114,2020-04-01T02:16:08-07:00
10.1002/chem.202000473,2020-04-01T02:16:08-07:00
10.1002/chem.202000097,2020-04-01T02:16:08-07:00
10.1002/chem.201904780,2020-04-01T02:16:08-07:00
10.1002/chem.201904470,2020-04-01T02:16:08-07:00
10.1002/chem.201905606,2020-04-01T02:16:08-07:00
10.1002/chem.201905535,2020-04-01T02:16:08-07:00
10.1002/chem.201905773,2020-04-01T02:16:08-07:00
10.1002/chem.201905461,2020-04-01T02:16:08-07:00
10.1002/chem.201905392,2020-04-01T02:16:08-07:00
10.1002/chem.201905391,2020-04-01T02:16:08-07:00
10.1002/chem.202000767,2020-04-01T02:16:08-07:00
10.1002/chem.201904954,2020-04-01T02:16:08-07:00
10.1002/chem.201904073,2020-04-01T02:16:08-07:00
10.1002/chem.201905637,2020-04-01T02:16:08-07:00
10.1002/chem.201905493,2020-04-01T02:16:08-07:00
10.1002/chem.202000489,2020-04-01T02:16:08-07:00
10.1002/chem.202000484,2020-04-01T02:16:08-07:00
10.1002/chem.201904987,2020-04-01T02:16:08-07:00
10.1002/chem.201905611,2020-04-01T02:16:08-07:00
10.1002/chem.201905303,2020-04-01T02:16:08-07:00
10.1002/chem.201905852,2020-04-01T02:16:08-07:00
10.1002/chem.201905161,2020-04-01T02:16:08-07:00
10.1002/chem.201905591,2020-04-01T02:16:08-07:00
10.1002/chem.202000585,2020-04-01T02:16:08-07:00
10.1002/chem.202000085,2020-04-01T02:16:08-07:00
10.1002/chem.201905719,2020-04-01T02:16:08-07:00
10.1002/chem.201905453,2020-04-01T02:16:08-07:00
10.1002/chem.201905690,2020-04-01T02:16:08-07:00
10.1002/chem.202001548,2020-04-01T03:05:22-07:00
10.1002/chem.202001192,2020-04-01T03:06:22-07:00
10.1002/chem.202001420,2020-04-01T05:37:59-07:00
10.1002/chem.202000651,2020-04-01T05:41:40-07:00
10.1002/chem.202000982,2020-04-01T05:44:17-07:00
10.1002/chem.201905598,none
10.1002/chem.201905222,none
10.1002/chem.201905468,none
10.1002/chem.201905785,none
10.1002/chem.201905510,none
10.1002/chem.202000148,none
10.1002/chem.201905689,none
10.1002/chem.202000025,none
10.1002/chem.201905742,none
10.1002/chem.201905284,none
10.1002/chem.201905777,none
10.1002/chem.201905650,none
10.1002/chem.201905790,none
10.1002/chem.201905498,none
10.1002/chem.202000282,none
10.1002/chem.201905408,none
10.1002/chem.201905506,none
10.1002/chem.201905607,none
10.1002/chem.202000549,none
10.1002/chem.202000728,none
10.1002/chem.202000859,none
10.1002/chem.202000840,none
10.1002/chem.202001342,none
10.1002/chem.202000940,none
10.1002/chem.202000782,none
10.1002/chem.202001389,none
10.1002/chem.202000155,none
10.1002/chem.202000593,none
10.1002/chem.202000976,none
10.1002/chem.201903064,none
10.1002/chem.201904229,none
10.1002/chem.201904473,none
10.1002/chem.201904280,none
10.1002/chem.201903158,none
10.1002/chem.201903992,none
10.1002/chem.201904620,none
10.1002/chem.201904233,none
10.1002/chem.201904021,none
10.1002/chem.201903206,none
10.1002/chem.201902998,none
10.1002/chem.201905346,none
10.1002/chem.201904499,none
10.1002/chem.202000975,none
10.1002/chem.201905782,none
10.1002/chem.202081867,none
10.1002/chem.202081866,none
10.1002/chem.202081865,none
10.1002/chem.202081864,none
10.1002/chem.202081863,none
10.1002/chem.202081862,none
10.1002/chem.202081861,none
10.1002/chem.202000909,none
10.1002/chem.201904559,none
10.1002/chem.201904619,none
10.1002/chem.201904238,none
10.1002/chem.201904669,none
10.1002/chem.201904352,none
10.1002/chem.201904337,none
10.1002/chem.201903822,none
10.1002/chem.201904431,none
10.1002/chem.201903616,none
10.1002/chem.201904722,none
10.1002/chem.201904273,none
10.1002/chem.201902659,none
10.1002/chem.201905265,none
10.1002/chem.201904208,none
10.1002/chem.201904063,none
10.1002/chem.201903060,none
10.1002/chem.202000835,none
10.1002/chem.202000204,none
10.1002/chem.202001394,none
10.1002/chem.201904757,none
10.1002/chem.202001031,none
10.1002/chem.202000668,none
10.1002/chem.202000950,none
10.1002/chem.202000820,none
10.1002/chem.202000943,none
10.1002/chem.202001168,none
10.1002/chem.202000337,none
10.1002/chem.202000870,none
10.1002/chem.202001368,none
10.1002/chem.202000899,none
10.1002/chem.202000620,none
10.1002/chem.202000732,none
10.1002/chem.201905182,none
10.1002/chem.202000412,none
10.1002/chem.201905389,none
10.1002/chem.202000514,none
10.1002/chem.202000010,none
10.1002/chem.202000067,none
10.1002/chem.201905818,none
10.1002/chem.201905623,none
10.1002/chem.202000233,none
10.1002/chem.201904924,none
10.1002/chem.201904794,none
10.1002/chem.201903917,none
10.1002/chem.202000967,none
10.1002/chem.202000313,none
10.1002/chem.202081763,none
10.1002/chem.202081762,none
10.1002/chem.202081761,none
10.1002/chem.202000463,none
10.1002/chem.202000733,none
10.1002/chem.202000731,none
10.1002/chem.201904903,none
10.1002/chem.201905208,none
10.1002/chem.201905256,none
10.1002/chem.201905376,none
10.1002/chem.201904938,none
10.1002/chem.201904558,none
10.1002/chem.202000272,none
10.1002/chem.201904600,none
10.1002/chem.201905212,none
10.1002/chem.201905338,none
10.1002/chem.201905337,none
10.1002/chem.201905699,none
10.1002/chem.201905122,none
10.1002/chem.202000098,none
10.1002/chem.201904549,none
10.1002/chem.201905273,none
10.1002/chem.202000211,none
10.1002/chem.201905288,none
10.1002/chem.201905552,none
10.1002/chem.202000512,none
10.1002/chem.202001160,none
10.1002/chem.201905624,none
10.1002/chem.202000478,none
10.1002/chem.201905429,none
10.1002/chem.201905281,none
10.1002/chem.201905528,none
10.1002/chem.202000516,none
10.1002/chem.201905621,none
10.1002/chem.202000164,none
10.1002/chem.201905100,none
10.1002/chem.201905531,none
10.1002/chem.202000192,none
10.1002/chem.202000126,none
10.1002/chem.201903519,none
10.1002/chem.201903525,none
10.1002/chem.201905476,none
10.1002/chem.202000477,none
10.1002/chem.202000472,none
10.1002/chem.202000521,none
10.1002/chem.202081662,none
10.1002/chem.202081661,none
10.1002/chem.201904497,none
10.1002/chem.201905390,none
10.1002/chem.201904933,none
10.1002/chem.201904863,none
10.1002/chem.201904798,none
10.1002/chem.201905734,none
10.1002/chem.201905283,none
10.1002/chem.201905094,none
10.1002/chem.201904347,none
10.1002/chem.201905218,none
10.1002/chem.201905645,none
10.1002/chem.202000251,none
10.1002/chem.201905248,none
10.1002/chem.202000217,none
10.1002/chem.201904901,none
10.1002/chem.201905823,none
10.1002/chem.202000388,none
10.1002/chem.202000518,none
10.1002/chem.202000384,none
10.1002/chem.202001317,none
10.1002/chem.202000742,none
10.1002/chem.201905708,none
10.1002/chem.202000123,none
10.1002/chem.202000457,none
10.1002/chem.202000495,none
10.1002/chem.202000910,none
10.1002/chem.202000701,none
10.1002/chem.201905596,none
10.1002/chem.202000564,none
10.1002/chem.201905151,none
10.1002/chem.202000462,none
10.1002/chem.201905194,none
10.1002/chem.201904894,none
10.1002/chem.201905639,none
10.1002/chem.202000552,none
10.1002/chem.202000047,none
10.1002/chem.202000752,none
10.1002/chem.201905306,none
10.1002/chem.202000212,none
10.1002/chem.201905715,none
10.1002/chem.202000131,none
10.1002/chem.201905448,none
10.1002/chem.201905478,none
10.1002/chem.201904807,none
10.1002/chem.201905780,none
10.1002/chem.201905269,none
10.1002/chem.201904396,none
10.1002/chem.202000781,none
10.1002/chem.202000195,none
10.1002/chem.202000872,none
10.1002/chem.202000615,none
10.1002/chem.202000614,none
10.1002/chem.202000638,none
10.1002/chem.202000930,none
10.1002/chem.202000104,none
10.1002/chem.202000222,none
10.1002/chem.202001262,none
10.1002/chem.202000726,none
10.1002/chem.202000877,none
10.1002/chem.201905750,none
10.1002/chem.201905183,none
10.1002/chem.201904975,none
10.1002/chem.202001119,none
10.1002/chem.202000465,none
10.1002/chem.202000092,none
10.1002/chem.202001294,none
10.1002/chem.202000739,none
10.1002/chem.202001315,none
10.1002/chem.202000579,none
10.1002/chem.201905601,none
10.1002/chem.202000572,none
10.1002/chem.202000542,none
10.1002/chem.201905826,none
10.1002/chem.202001193,none
10.1002/chem.202000075,none
10.1002/chem.202000667,none
10.1002/chem.202001237,none
10.1002/chem.202000825,none
10.1002/chem.202000587,none
10.1002/chem.201905090,none
10.1002/chem.202000235,none
10.1002/chem.201904904,none
10.1002/chem.202000526,none
10.1002/chem.202001213,none
10.1002/chem.202001214,none
10.1002/chem.202000346,none
10.1002/chem.202000946,none
10.1002/chem.202000574,none
10.1002/chem.202000223,none
10.1002/chem.202000743,none
10.1002/chem.202000362,none
10.1002/chem.202000871,none
10.1002/chem.201905279,none
10.1002/chem.201905651,none
10.1002/chem.202000244,none
10.1002/chem.202001140,none
10.1002/chem.202000403,none
10.1002/chem.202001194,none
10.1002/chem.202000520,none
10.1002/chem.201905521,none
10.1002/chem.201905570,none
10.1002/chem.201905810,none
10.1002/chem.202000355,none
10.1002/chem.201905224,none
10.1002/chem.201905774,none
10.1002/chem.201905772,none
10.1002/chem.202000387,none
10.1002/chem.201905828,none
10.1002/chem.202000154,none
10.1002/chem.201904455,none
10.1002/chem.202000656,none
10.1002/chem.202000519,none
10.1002/chem.202000281,none
10.1002/chem.202081563,none
10.1002/chem.202081562,none
10.1002/chem.202081561,none
10.1002/chem.201905703,none
10.1002/chem.201905613,none
10.1002/chem.201904942,none
10.1002/chem.201904220,none
10.1002/chem.201905336,none
10.1002/chem.201905260,none
10.1002/chem.201905070,none
10.1002/chem.202000189,none
10.1002/chem.201904563,none
10.1002/chem.201905296,none
10.1002/chem.201905843,none
10.1002/chem.201905342,none
10.1002/chem.201905467,none
10.1002/chem.201904718,none
10.1002/chem.201904795,none
10.1002/chem.201905357,none
10.1002/chem.201905479,none
10.1002/chem.201905160,none
10.1002/chem.201904869,none
10.1002/chem.201905820,none
10.1002/chem.202000458,none
10.1002/chem.202000396,none
10.1002/chem.202000224,none
10.1002/chem.201905150,none
10.1002/chem.201905844,none
10.1002/chem.201905446,none
10.1002/chem.202000280,none
10.1002/chem.202000113,none
10.1002/chem.202001139,none
10.1002/chem.202001091,none
10.1002/chem.202000339,none
10.1002/chem.202001191,none
10.1002/chem.202000754,none
10.1002/chem.202000505,none
10.1002/chem.202000055,none
10.1002/chem.202000500,none
10.1002/chem.201904561,none
10.1002/chem.202000316,none
10.1002/chem.202000471,none
10.1002/chem.201905576,none
10.1002/chem.201904626,none
10.1002/chem.201905875,none
10.1002/chem.202000504,none
10.1002/chem.201905290,none
10.1002/chem.202000005,none
10.1002/chem.201905577,none
10.1002/chem.202000479,none
10.1002/chem.202000865,none
10.1002/chem.202000678,none
10.1002/chem.202000391,none
10.1002/chem.201905447,none
10.1002/chem.202000817,none
10.1002/chem.202001138,none
10.1002/chem.202000286,none
10.1002/chem.202001014,none
10.1002/chem.201905701,none
10.1002/chem.201905500,none
10.1002/chem.201905315,none
10.1002/chem.202000307,none
10.1002/chem.202000162,none
10.1002/chem.202000160,none
10.1002/chem.201905159,none
10.1002/chem.202000215,none
10.1002/chem.201905519,none
10.1002/chem.202000158,none
10.1002/chem.201905712,none
10.1002/chem.201904835,none
10.1002/chem.202081463,none
10.1002/chem.202081462,none
10.1002/chem.202081461,none
10.1002/chem.201905700,none
10.1002/chem.202000367,none
10.1002/chem.201905616,none
10.1002/chem.201905859,none
10.1002/chem.201905036,none
10.1002/chem.201904708,none
10.1002/chem.201904948,none
10.1002/chem.201904754,none
10.1002/chem.201904548,none
10.1002/chem.201904590,none
10.1002/chem.201905465,none
10.1002/chem.201905634,none
10.1002/chem.201905499,none
10.1002/chem.202000051,none
10.1002/chem.201904314,none
10.1002/chem.201905238,none
10.1002/chem.201904415,none
10.1002/chem.201905216,none
10.1002/chem.201905335,none
10.1002/chem.201905027,none
10.1002/chem.201904419,none
10.1002/chem.201905854,none
10.1002/chem.202000436,none
10.1002/chem.202000107,none
10.1002/chem.201903756,none
10.1002/chem.201905751,none
10.1002/chem.202001051,none
10.1002/chem.202000373,none
10.1002/chem.201905608,none
10.1002/chem.201905867,none
10.1002/chem.202001052,none
10.1002/chem.202000423,none
10.1002/chem.202000219,none
10.1002/chem.201905110,none
10.1002/chem.202000528,none
10.1002/chem.202000018,none
10.1002/chem.202000400,none
10.1002/chem.202000845,none
10.1002/chem.202000207,none
10.1002/chem.202001059,none
10.1002/chem.202000264,none
10.1002/chem.201905880,none
10.1002/chem.201905668,none
10.1002/chem.202000186,none
10.1002/chem.202000482,none
10.1002/chem.202000809,none
10.1002/chem.201905071,none
10.1002/chem.202000371,none
10.1002/chem.201905105,none
10.1002/chem.201905539,none
10.1002/chem.201905466,none
10.1002/chem.201905688,none
10.1002/chem.201905858,none
10.1002/chem.202000187,none
10.1002/chem.201904510,none
10.1002/chem.201904053,none
10.1002/chem.201903985,none
10.1002/chem.202000121,none
10.1002/chem.202000227,none
10.1002/chem.202081363,none
10.1002/chem.202081362,none
10.1002/chem.202081361,none
10.1002/chem.202000370,none
10.1002/chem.202000230,none
10.1002/chem.201905277,none
10.1002/chem.201903924,none
10.1002/chem.201904701,none
10.1002/chem.201904668,none
10.1002/chem.201905278,none
10.1002/chem.201904952,none
10.1002/chem.201904762,none
10.1002/chem.201904934,none
10.1002/chem.201904862,none
10.1002/chem.201905356,none
10.1002/chem.201903958,none
10.1002/chem.201904689,none
10.1002/chem.201904685,none
10.1002/chem.201905313,none
10.1002/chem.201905310,none
10.1002/chem.201905505,none
10.1002/chem.202000600,none
10.1002/chem.202000664,none
10.1002/chem.202000273,none
10.1002/chem.202001163,2020-04-16T12:05:39-07:00
10.1002/chem.202001027,2020-04-16T01:18:40-07:00
10.1002/chem.201905384,2020-04-16T01:18:40-07:00
10.1002/chem.202000008,2020-04-16T01:18:40-07:00
10.1002/chem.201905175,2020-04-16T01:18:40-07:00
10.1002/chem.201903021,2020-04-16T01:18:40-07:00
10.1002/chem.201904495,2020-04-16T01:18:40-07:00
10.1002/chem.202000920,2020-04-16T01:18:40-07:00
10.1002/chem.202082263,2020-04-16T01:18:40-07:00
10.1002/chem.202082262,2020-04-16T01:18:40-07:00
10.1002/chem.202082261,2020-04-16T01:18:40-07:00
10.1002/chem.202000769,2020-04-16T01:18:40-07:00
10.1002/chem.202001026,2020-04-16T01:18:40-07:00
10.1002/chem.202000874,2020-04-16T01:18:40-07:00
10.1002/chem.202001253,2020-04-16T01:34:24-07:00
10.1002/chem.202001532,2020-04-16T03:04:28-07:00
10.1002/chem.202001312,2020-04-16T03:05:03-07:00
10.1002/chem.202000506,2020-04-16T04:34:59-07:00
10.1002/chem.201905230,2020-04-16T04:35:59-07:00
10.1002/chem.202001643,2020-04-16T07:03:51-07:00
10.1002/chem.202001130,2020-04-16T07:34:03-07:00
10.1002/chem.202001295,2020-04-16T09:06:12-07:00
10.1002/chem.202001210,2020-04-16T07:12:43-07:00
10.1002/chem.202000529,2020-04-16T07:13:19-07:00
10.1002/chem.202001793,2020-04-16T11:33:50-07:00
10.1002/chem.202000842,2020-04-17T01:10:02-07:00
10.1002/chem.201905819,2020-04-17T01:13:08-07:00
10.1002/chem.202000253,2020-04-17T12:00:00-07:00
10.1002/chem.202000832,2020-04-17T02:37:00-07:00
10.1002/chem.202000602,2020-04-17T03:01:11-07:00
10.1002/chem.202000875,2020-04-17T03:01:17-07:00
10.1002/chem.201905636,2020-04-17T03:01:27-07:00
10.1002/chem.202000895,2020-04-17T03:02:03-07:00
10.1002/chem.202000243,2020-04-17T03:10:04-07:00
10.1002/chem.202000165,2020-04-17T03:10:09-07:00
10.1002/chem.202000790,2020-04-17T04:04:34-07:00
10.1002/chem.202001460,2020-04-17T04:09:19-07:00
10.1002/chem.202000335,2020-04-17T05:06:13-07:00
10.1002/chem.202000252,2020-04-17T05:06:15-07:00
10.1002/chem.202000411,2020-04-17T05:08:10-07:00
10.1002/chem.202000844,2020-04-17T07:05:08-07:00
10.1002/chem.202001072,2020-04-17T07:09:29-07:00
10.1002/chem.202001753,2020-04-17T07:10:24-07:00
10.1002/chem.202001362,2020-04-17T07:12:09-07:00
10.1002/chem.202001055,2020-04-18T01:39:18-07:00
10.1002/chem.202000897,2020-04-18T11:38:08-07:00
10.1002/chem.202000424,2020-04-19T06:47:39-07:00
10.1002/chem.202000417,2020-04-19T06:48:38-07:00
10.1002/chem.202000788,2020-04-19T06:48:58-07:00
10.1002/chem.202000710,2020-04-19T06:50:19-07:00
10.1002/chem.202000850,2020-04-20T06:05:23-07:00
10.1002/chem.201904564,2020-04-20T06:05:23-07:00
10.1002/chem.201903928,2020-04-20T06:05:23-07:00
10.1002/chem.202000446,2020-04-20T06:05:23-07:00
10.1002/chem.202082363,2020-04-20T06:05:23-07:00
10.1002/chem.202082362,2020-04-20T06:05:23-07:00
10.1002/chem.202082361,2020-04-20T06:05:23-07:00
10.1002/chem.202000102,2020-04-20T06:05:23-07:00
10.1002/chem.202000849,2020-04-20T06:05:23-07:00
10.1002/chem.202000652,2020-04-20T06:05:23-07:00
10.1002/chem.201903904,2020-04-20T06:05:23-07:00
10.1002/chem.201904679,2020-04-20T06:05:23-07:00
10.1002/chem.201904913,2020-04-20T08:59:26-07:00
10.1002/chem.202000775,2020-04-20T11:00:10-07:00
10.1002/chem.202000686,2020-04-20T12:08:12-07:00
10.1002/chem.202000692,2020-04-20T06:49:07-07:00
10.1002/chem.202001555,2020-04-21T12:00:00-07:00
10.1002/chem.202001627,2020-04-21T12:00:00-07:00
10.1002/chem.201905759,2020-04-21T12:00:00-07:00
10.1002/chem.202000439,2020-04-21T12:00:00-07:00
10.1002/chem.202000191,2020-04-21T03:17:03-07:00
10.1002/chem.202001177,2020-04-21T03:17:14-07:00
10.1002/chem.202001740,2020-04-21T03:50:42-07:00
10.1002/chem.202000366,2020-04-21T03:50:59-07:00
10.1002/chem.202001341,2020-04-21T03:51:22-07:00
10.1002/chem.202001816,2020-04-21T04:52:14-07:00
10.1002/chem.202000061,2020-04-21T05:16:12-07:00
10.1002/chem.201905311,2020-04-21T06:27:20-07:00
10.1002/chem.202001799,2020-04-21T07:06:59-07:00
10.1002/chem.202001123,2020-04-21T07:07:55-07:00
10.1002/chem.202001291,2020-04-21T07:10:06-07:00
10.1002/chem.202000577,2020-04-21T07:19:20-07:00
10.1002/chem.201905554,2020-04-21T07:19:35-07:00
10.1002/chem.202000133,2020-04-21T07:21:05-07:00
10.1002/chem.201905496,2020-04-21T07:21:06-07:00
10.1002/chem.201905471,2020-04-21T07:21:21-07:00
10.1002/chem.201904834,2020-04-21T07:21:42-07:00
10.1002/chem.201905707,2020-04-21T07:22:36-07:00
10.1002/chem.202000354,2020-04-21T07:22:36-07:00
10.1002/chem.202000746,2020-04-21T07:23:08-07:00
10.1002/chem.202000188,2020-04-21T07:23:14-07:00
10.1002/chem.202001149,2020-04-21T07:23:22-07:00
10.1002/chem.202000646,2020-04-21T07:23:23-07:00
10.1002/chem.201904995,2020-04-21T07:25:02-07:00
10.1002/chem.202001676,2020-04-21T07:51:23-07:00
10.1002/chem.202001405,2020-04-21T07:52:29-07:00
10.1002/chem.202000438,2020-04-21T08:49:18-07:00
10.1002/chem.202001605,2020-04-21T08:49:34-07:00
10.1002/chem.202001905,2020-04-21T08:50:27-07:00
10.1002/chem.202001795,2020-04-21T09:20:10-07:00
10.1002/chem.202001111,2020-04-21T09:21:24-07:00
10.1002/chem.202000390,2020-04-21T09:51:02-07:00
10.1002/chem.202001218,2020-04-21T10:45:30-07:00
10.1002/chem.202001904,2020-04-21T11:14:46-07:00
10.1002/chem.202001227,2020-04-21T06:46:25-07:00
10.1002/chem.202000226,2020-04-22T03:26:21-07:00
10.1002/chem.201904493,2020-04-22T05:55:24-07:00
10.1002/chem.202001105,2020-04-22T06:50:17-07:00
10.1002/chem.202000880,2020-04-22T08:22:33-07:00
10.1002/chem.202001486,2020-04-23T01:35:14-07:00
10.1002/chem.202000722,2020-04-23T01:35:51-07:00
10.1002/chem.202001488,2020-04-23T01:51:06-07:00
10.1002/chem.202001489,2020-04-23T01:51:07-07:00
10.1002/chem.202001487,2020-04-23T01:51:08-07:00
10.1002/chem.202001491,2020-04-23T01:51:10-07:00
10.1002/chem.202001624,2020-04-23T01:51:30-07:00
10.1002/chem.202001490,2020-04-23T01:52:07-07:00
10.1002/chem.202000848,2020-04-23T02:14:26-07:00
10.1002/chem.201905119,2020-04-23T02:14:26-07:00
10.1002/chem.202000601,2020-04-23T02:14:26-07:00
10.1002/chem.202000847,2020-04-23T02:14:26-07:00
10.1002/chem.202000341,2020-04-23T02:14:26-07:00
10.1002/chem.202000766,2020-04-23T02:14:26-07:00
10.1002/chem.202082462,2020-04-23T02:14:26-07:00
10.1002/chem.202082461,2020-04-23T02:14:26-07:00
10.1002/chem.202001568,2020-04-23T10:49:25-07:00
10.1002/chem.202001510,2020-04-23T07:01:50-07:00
10.1002/chem.202001370,2020-04-24T12:00:00-07:00
10.1002/chem.202001107,2020-04-24T12:58:37-07:00
10.1002/chem.202000485,2020-04-24T03:06:40-07:00
10.1002/chem.202000942,2020-04-24T03:25:20-07:00
10.1002/chem.202001318,2020-04-24T03:25:33-07:00
10.1002/chem.202001517,2020-04-24T03:54:52-07:00
10.1002/chem.202001482,2020-04-24T03:55:24-07:00
10.1002/chem.202000747,2020-04-24T04:15:32-07:00
10.1002/chem.201905537,2020-04-24T04:15:45-07:00
10.1002/chem.201905328,2020-04-24T04:17:26-07:00
10.1002/chem.202000921,2020-04-24T04:49:44-07:00
10.1002/chem.202001451,2020-04-24T04:54:27-07:00
10.1002/chem.202001596,2020-04-24T05:53:32-07:00
10.1002/chem.202001650,2020-04-24T06:55:22-07:00
10.1002/chem.202001475,2020-04-24T08:24:02-07:00
10.1002/chem.202001148,2020-04-24T09:27:16-07:00
10.1002/chem.202000795,2020-04-24T09:27:34-07:00
10.1002/chem.202000389,2020-04-24T12:23:16-07:00
10.1002/chem.202001006,2020-04-24T10:25:39-07:00
10.1002/chem.202000837,2020-04-24T10:53:21-07:00
10.1002/chem.202000353,2020-04-24T11:23:37-07:00
10.1002/chem.202001331,2020-04-25T07:23:24-07:00
10.1002/chem.202000882,2020-04-25T08:55:37-07:00
10.1002/chem.202001240,2020-04-26T07:03:45-07:00
10.1002/chem.202001038,2020-04-26T10:05:46-07:00
10.1002/chem.202001866,2020-04-26T11:59:51-07:00
10.1002/chem.202001530,2020-04-27T12:20:12-07:00
10.1002/chem.202001593,2020-04-27T12:20:45-07:00
10.1002/chem.202001529,2020-04-27T12:21:32-07:00
10.1002/chem.202000841,2020-04-27T12:21:42-07:00
10.1002/chem.202001471,2020-04-27T01:29:41-07:00
10.1002/chem.202001361,2020-04-27T04:06:59-07:00
10.1002/chem.202001180,2020-04-27T04:10:39-07:00
10.1002/chem.202000856,2020-04-27T04:34:06-07:00
10.1002/chem.202001290,2020-04-27T05:58:59-07:00
10.1002/chem.202000584,2020-04-27T11:34:06-07:00
10.1002/chem.202001327,2020-04-27T12:59:07-07:00
10.1002/chem.202001934,2020-04-27T07:07:12-07:00
10.1002/chem.202001099,2020-04-28T12:00:00-07:00
10.1002/chem.201905123,2020-04-28T12:00:00-07:00
10.1002/chem.202000970,2020-04-28T12:31:13-07:00
10.1002/chem.202000890,2020-04-28T12:36:07-07:00
10.1002/chem.202000866,2020-04-28T12:36:12-07:00
10.1002/chem.202000476,2020-04-28T12:36:42-07:00
10.1002/chem.202000703,2020-04-28T12:39:56-07:00
10.1002/chem.201905131,2020-04-28T12:40:31-07:00
10.1002/chem.202000765,2020-04-28T12:40:48-07:00
10.1002/chem.202000297,2020-04-28T12:41:40-07:00
10.1002/chem.202000466,2020-04-28T12:41:59-07:00
10.1002/chem.202000161,2020-04-28T12:44:48-07:00
10.1002/chem.202000117,2020-04-28T12:45:56-07:00
10.1002/chem.201905855,2020-04-28T12:47:31-07:00
10.1002/chem.201905399,2020-04-28T12:48:32-07:00
10.1002/chem.201905236,2020-04-28T12:52:58-07:00
10.1002/chem.201905451,2020-04-28T12:53:16-07:00
10.1002/chem.201904638,2020-04-28T12:59:20-07:00
10.1002/chem.202000891,2020-04-28T01:06:22-07:00
10.1002/chem.201904657,2020-04-28T01:09:04-07:00
10.1002/chem.202000302,2020-04-28T01:09:25-07:00
10.1002/chem.202000846,2020-04-28T01:39:34-07:00
10.1002/chem.202000768,2020-04-28T01:40:43-07:00
10.1002/chem.202001959,2020-04-28T03:10:00-07:00
10.1002/chem.202001028,2020-04-28T04:06:07-07:00
10.1002/chem.202002051,2020-04-28T04:06:50-07:00
10.1002/chem.202000276,2020-04-28T06:01:52-07:00
10.1002/chem.202001146,2020-04-28T06:08:24-07:00
10.1002/chem.202000496,2020-04-28T06:14:21-07:00
10.1002/chem.202000973,2020-04-28T06:14:22-07:00
10.1002/chem.201905272,2020-04-28T06:14:50-07:00
10.1002/chem.202000106,2020-04-28T06:14:51-07:00
10.1002/chem.201905753,2020-04-28T06:15:03-07:00
10.1002/chem.202001595,2020-04-28T07:03:55-07:00
10.1002/chem.202001916,2020-04-28T07:34:21-07:00
10.1002/chem.202002046,2020-04-28T01:04:12-07:00
10.1002/chem.202000220,2020-04-28T09:05:30-07:00
10.1002/chem.202001447,2020-04-28T11:35:21-07:00
10.1002/chem.202001373,2020-04-28T11:36:45-07:00
10.1002/chem.202002077,2020-04-29T03:07:45-07:00
10.1002/chem.202001293,2020-04-29T03:08:15-07:00
10.1002/chem.202001385,2020-04-29T04:04:47-07:00
10.1002/chem.202002053,2020-04-29T06:06:31-07:00
10.1002/chem.202001902,2020-04-29T07:04:35-07:00
10.1002/chem.202001865,2020-04-29T07:35:13-07:00
10.1002/chem.202002021,2020-04-29T07:36:46-07:00
10.1002/chem.202001450,2020-04-29T07:12:49-07:00
10.1002/chem.202001344,2020-04-29T08:40:33-07:00
10.1002/chem.202001173,2020-04-30T12:37:01-07:00
10.1002/chem.201904551,2020-04-30T12:37:46-07:00
10.1002/chem.202001172,2020-04-30T12:38:15-07:00
10.1002/chem.202001018,2020-04-30T12:40:28-07:00
10.1002/chem.202000650,2020-04-30T12:40:28-07:00
10.1002/chem.201905749,2020-04-30T12:44:04-07:00
10.1002/chem.201905233,2020-04-30T12:44:07-07:00
10.1002/chem.201905514,2020-04-30T12:44:38-07:00
10.1002/chem.202001522,2020-04-30T12:44:42-07:00
10.1002/chem.201905745,2020-04-30T12:44:52-07:00
10.1002/chem.202001019,2020-04-30T12:46:31-07:00
10.1002/chem.202000089,2020-04-30T12:48:42-07:00
10.1002/chem.201905746,2020-04-30T01:40:12-07:00
10.1002/chem.202001965,2020-04-30T05:39:52-07:00
10.1002/chem.201905211,2020-04-30T05:42:25-07:00
10.1002/chem.202001592,2020-04-30T05:42:38-07:00
10.1002/chem.202000558,2020-04-30T09:40:57-07:00
10.1002/chem.202001589,2020-04-30T11:10:08-07:00
10.1002/chem.202001588,2020-04-30T06:44:07-07:00
10.1002/chem.201904562,2020-04-30T06:46:00-07:00
10.1002/chem.202000815,2020-05-01T11:13:58-07:00
10.1002/chem.202001264,2020-05-02T12:44:47-07:00
10.1002/chem.202000617,2020-05-02T06:15:58-07:00
10.1002/chem.202001721,2020-05-02T09:15:03-07:00
10.1002/chem.202000839,2020-05-03T06:54:31-07:00
10.1002/chem.202001504,2020-05-03T06:55:01-07:00
10.1002/chem.202001178,2020-05-03T10:19:21-07:00
10.1002/chem.202082563,2020-05-04T02:26:28-07:00
10.1002/chem.202082562,2020-05-04T02:26:28-07:00
10.1002/chem.202082561,2020-05-04T02:26:28-07:00
10.1002/chem.202002118,2020-05-04T04:07:15-07:00
10.1002/chem.201905449,2020-05-04T04:12:16-07:00
10.1002/chem.202001796,2020-05-04T06:23:46-07:00
10.1002/chem.202001847,2020-05-04T06:27:26-07:00
10.1002/chem.202001598,2020-05-04T06:27:33-07:00
10.1002/chem.202000713,2020-05-04T06:50:04-07:00
10.1002/chem.202001950,2020-05-04T06:54:25-07:00
10.1002/chem.202001397,2020-05-04T08:24:37-07:00
10.1002/chem.202000995,2020-05-04T08:26:35-07:00
10.1002/chem.202000924,2020-05-04T08:48:43-07:00
10.1002/chem.202000368,2020-05-04T09:53:28-07:00
10.1002/chem.201905444,2020-05-04T11:10:50-07:00
10.1002/chem.202000515,2020-05-04T11:12:26-07:00
10.1002/chem.202001289,2020-05-05T12:00:00-07:00
10.1002/chem.202001586,2020-05-05T02:55:39-07:00
10.1002/chem.202002199,2020-05-05T03:56:24-07:00
10.1002/chem.202001557,2020-05-05T03:56:44-07:00
10.1002/chem.202001125,2020-05-05T03:56:57-07:00
10.1002/chem.202002084,2020-05-05T04:30:16-07:00
10.1002/chem.202001236,2020-05-05T05:55:20-07:00
10.1002/chem.202001978,2020-05-05T07:25:22-07:00
10.1002/chem.202001540,2020-05-05T08:24:47-07:00
10.1002/chem.202001296,2020-05-05T08:25:36-07:00
10.1002/chem.202002158,2020-05-05T08:59:22-07:00
10.1002/chem.202001855,2020-05-05T10:24:42-07:00
10.1002/chem.202000635,2020-05-05T07:04:26-07:00
10.1002/chem.202000990,2020-05-05T07:24:41-07:00
10.1002/chem.202000878,2020-05-06T04:28:04-07:00
10.1002/chem.202001566,2020-05-06T05:29:58-07:00
10.1002/chem.202001563,2020-05-06T08:58:15-07:00
10.1002/chem.202001056,2020-05-06T09:00:19-07:00
10.1002/chem.202002178,2020-05-06T10:00:47-07:00
10.1002/chem.202001584,2020-05-06T10:02:24-07:00
10.1002/chem.202002214,2020-05-06T07:07:37-07:00
10.1002/chem.202082663,2020-05-07T01:18:17-07:00
10.1002/chem.202082662,2020-05-07T01:18:17-07:00
10.1002/chem.202082661,2020-05-07T01:18:17-07:00
10.1002/chem.202001864,2020-05-07T01:31:42-07:00
10.1002/chem.202001399,2020-05-07T03:59:55-07:00
10.1002/chem.202001449,2020-05-07T04:02:27-07:00
10.1002/chem.202000881,2020-05-07T04:31:34-07:00
10.1002/chem.202000088,2020-05-07T04:32:09-07:00
10.1002/chem.202001109,2020-05-07T05:30:48-07:00
10.1002/chem.202002129,2020-05-08T02:10:05-07:00
10.1002/chem.202002127,2020-05-08T02:10:06-07:00
10.1002/chem.201905741,2020-05-08T02:10:06-07:00
10.1002/chem.202002102,2020-05-08T02:10:25-07:00
10.1002/chem.202001987,2020-05-08T02:10:52-07:00
10.1002/chem.202000836,2020-05-08T02:10:53-07:00
10.1002/chem.202001524,2020-05-08T02:13:03-07:00
10.1002/chem.202002103,2020-05-08T02:13:14-07:00
10.1002/chem.201905561,2020-05-08T02:31:08-07:00
10.1002/chem.202000178,2020-05-08T02:32:26-07:00
10.1002/chem.202000634,2020-05-11T12:00:00-07:00
10.1002/chem.202000772,2020-05-11T12:00:00-07:00
10.1002/chem.201905666,2020-05-11T12:55:56-07:00
10.1002/chem.201905565,2020-05-11T12:56:01-07:00
10.1002/chem.201905276,2020-05-11T01:02:37-07:00
10.1002/chem.202002016,2020-05-11T01:04:23-07:00
10.1002/chem.202002015,2020-05-11T01:04:24-07:00
10.1002/chem.202000129,2020-05-11T01:05:31-07:00
10.1002/chem.202002018,2020-05-11T01:10:05-07:00
10.1002/chem.201905877,2020-05-11T01:14:35-07:00
10.1002/chem.202000259,2020-05-11T01:14:43-07:00
10.1002/chem.201905732,2020-05-11T01:16:30-07:00
10.1002/chem.202001562,2020-05-11T01:16:49-07:00
10.1002/chem.201905706,2020-05-11T01:17:27-07:00
10.1002/chem.202000750,2020-05-11T01:21:21-07:00
10.1002/chem.202001988,2020-05-11T01:21:26-07:00
10.1002/chem.202002019,2020-05-11T01:26:24-07:00
10.1002/chem.202082763,2020-05-12T02:23:26-07:00
10.1002/chem.202082762,2020-05-12T02:23:26-07:00
10.1002/chem.202082761,2020-05-12T02:23:26-07:00
10.1002/chem.202001084,2020-05-12T06:05:10-07:00
10.1002/chem.202000719,2020-05-12T07:25:23-07:00
10.1002/chem.201905217,2020-05-14T01:59:54-07:00
10.1002/chem.202000228,2020-05-15T12:00:00-07:00
10.1002/chem.202082863,2020-05-15T02:20:01-07:00
10.1002/chem.202082862,2020-05-15T02:20:01-07:00
10.1002/chem.202082861,2020-05-15T02:20:01-07:00
10.1002/chem.202000933,2020-05-15T02:49:19-07:00
10.1002/chem.201905612,2020-05-15T02:50:30-07:00
10.1002/chem.202002384,2020-05-19T12:00:00-07:00
10.1002/chem.202000381,2020-05-19T12:00:00-07:00
10.1002/chem.202000659,2020-05-19T12:00:00-07:00
10.1002/chem.201905633,2020-05-19T01:14:31-07:00
10.1002/chem.202000132,2020-05-19T01:16:36-07:00
10.1002/chem.202001003,2020-05-19T07:16:23-07:00
10.1002/chem.202000862,2020-05-19T07:19:03-07:00
10.1002/chem.202000586,2020-05-19T07:19:10-07:00
10.1002/chem.202000980,2020-05-19T07:20:17-07:00
10.1002/chem.202001666,2020-05-19T07:21:13-07:00
10.1002/chem.202000534,2020-05-19T07:22:36-07:00
10.1002/chem.202000674,2020-05-19T07:22:57-07:00
10.1002/chem.201905879,2020-05-19T07:23:37-07:00
10.1002/chem.202002013,2020-05-19T07:41:45-07:00
10.1002/chem.202001388,2020-05-19T10:44:11-07:00
10.1002/chem.202001329,2020-05-19T10:48:30-07:00
10.1002/chem.202001282,2020-05-19T10:48:30-07:00
10.1002/chem.202001141,2020-05-19T10:50:55-07:00
10.1002/chem.202001266,2020-05-19T10:52:47-07:00
10.1002/chem.202001366,2020-05-19T10:54:14-07:00
10.1002/chem.202001372,2020-05-19T10:55:04-07:00
10.1002/chem.202001376,2020-05-19T10:55:04-07:00
10.1002/chem.202001446,2020-05-19T10:55:06-07:00
10.1002/chem.202001365,2020-05-19T10:56:13-07:00
10.1002/chem.202001008,2020-05-19T10:56:40-07:00
10.1002/chem.202001416,2020-05-19T10:57:59-07:00
10.1002/chem.202001639,2020-05-19T12:02:26-07:00
10.1002/chem.202001706,2020-05-19T12:02:29-07:00
10.1002/chem.202001667,2020-05-19T12:02:30-07:00
10.1002/chem.202001674,2020-05-19T12:03:31-07:00
10.1002/chem.202001713,2020-05-19T12:03:31-07:00
10.1002/chem.202001646,2020-05-19T12:06:53-07:00
10.1002/chem.202001678,2020-05-19T12:11:43-07:00
10.1002/chem.202001553,2020-05-19T12:13:15-07:00
10.1002/chem.202001472,2020-05-19T12:13:47-07:00
10.1002/chem.202001615,2020-05-19T12:13:50-07:00
10.1002/chem.202001660,2020-05-19T12:19:16-07:00
10.1002/chem.202001462,2020-05-19T12:19:36-07:00
10.1002/chem.202001985,2020-05-19T12:19:37-07:00
10.1002/chem.202001551,2020-05-19T12:20:20-07:00
10.1002/chem.202001943,2020-05-19T12:21:05-07:00
10.1002/chem.202001947,2020-05-19T12:21:13-07:00
10.1002/chem.202001483,2020-05-19T12:22:33-07:00
10.1002/chem.202002049,2020-05-19T12:22:34-07:00
10.1002/chem.202002041,2020-05-19T12:22:37-07:00
10.1002/chem.202001929,2020-05-19T12:22:38-07:00
10.1002/chem.202001685,2020-05-19T12:23:43-07:00
10.1002/chem.202001544,2020-05-19T12:25:26-07:00
10.1002/chem.202002410,2020-05-19T12:25:29-07:00
10.1002/chem.202001656,2020-05-19T12:26:11-07:00
10.1002/chem.202001773,2020-05-19T12:26:47-07:00
10.1002/chem.202001900,2020-05-19T12:26:48-07:00
10.1002/chem.202001821,2020-05-19T12:28:14-07:00
10.1002/chem.202002372,2020-05-19T12:28:15-07:00
10.1002/chem.202001749,2020-05-19T12:29:31-07:00
10.1002/chem.202001815,2020-05-19T12:29:34-07:00
10.1002/chem.202001838,2020-05-19T12:30:04-07:00
10.1002/chem.202002308,2020-05-19T12:30:14-07:00
10.1002/chem.202001841,2020-05-19T12:30:15-07:00
10.1002/chem.202002331,2020-05-19T12:30:26-07:00
10.1002/chem.202002330,2020-05-19T12:30:41-07:00
10.1002/chem.202002088,2020-05-19T12:30:46-07:00
10.1002/chem.202000474,2020-05-20T12:41:40-07:00
10.1002/chem.202001792,2020-05-20T12:42:08-07:00
10.1002/chem.201905776,2020-05-20T01:14:10-07:00
10.1002/chem.202000142,2020-05-20T01:15:08-07:00
10.1002/chem.201905419,2020-05-20T01:22:37-07:00
10.1002/chem.202082968,2020-05-20T02:32:27-07:00
10.1002/chem.202082967,2020-05-20T02:32:27-07:00
10.1002/chem.202082966,2020-05-20T02:32:27-07:00
10.1002/chem.202082965,2020-05-20T02:32:27-07:00
10.1002/chem.202082964,2020-05-20T02:32:27-07:00
10.1002/chem.202082963,2020-05-20T02:32:27-07:00
10.1002/chem.202082962,2020-05-20T02:32:27-07:00
10.1002/chem.202082961,2020-05-20T02:32:27-07:00
10.1002/chem.201904625,2020-05-20T02:32:27-07:00
10.1002/chem.202001304,2020-05-20T02:32:27-07:00
10.1002/chem.201905544,2020-05-20T02:32:27-07:00
10.1002/chem.201905524,2020-05-20T02:32:27-07:00
10.1002/chem.201905245,2020-05-20T02:32:27-07:00
10.1002/chem.201905173,2020-05-20T02:32:27-07:00
10.1002/chem.201904116,2020-05-20T02:32:27-07:00
10.1002/chem.201905087,2020-05-20T02:32:27-07:00
10.1002/chem.201904769,2020-05-20T02:32:27-07:00
10.1002/chem.201904767,2020-05-20T02:32:27-07:00
10.1002/chem.201905252,2020-05-20T02:32:27-07:00
10.1002/chem.202002065,2020-05-20T03:44:09-07:00
10.1002/chem.202001594,2020-05-20T04:44:09-07:00
10.1002/chem.202001818,2020-05-20T04:44:11-07:00
10.1002/chem.202001671,2020-05-20T05:14:43-07:00
10.1002/chem.202002164,2020-05-20T06:10:41-07:00
10.1002/chem.202001951,2020-05-20T06:19:13-07:00
10.1002/chem.202002469,2020-05-20T08:10:04-07:00
10.1002/chem.202001885,2020-05-20T09:39:01-07:00
10.1002/chem.202001492,2020-05-21T04:44:16-07:00
10.1002/chem.202001246,2020-05-22T02:14:00-07:00
10.1002/chem.202001215,2020-05-22T02:14:54-07:00
10.1002/chem.202002163,2020-05-22T09:21:16-07:00
10.1002/chem.202001076,2020-05-23T03:49:23-07:00
10.1002/chem.202000026,2020-05-23T08:19:50-07:00
10.1002/chem.202001126,2020-05-24T10:53:30-07:00
10.1002/chem.201905511,2020-05-24T11:54:56-07:00
10.1002/chem.202001723,2020-05-25T03:34:35-07:00
10.1002/chem.202002478,2020-05-25T03:34:50-07:00
10.1002/chem.202002204,2020-05-25T03:35:19-07:00
10.1002/chem.202001572,2020-05-25T04:27:24-07:00
10.1002/chem.202001623,2020-05-25T04:33:42-07:00
10.1002/chem.202001893,2020-05-25T04:34:00-07:00
10.1002/chem.202001703,2020-05-25T07:30:26-07:00
10.1002/chem.202001952,2020-05-25T07:35:10-07:00
10.1002/chem.202001338,2020-05-25T09:54:39-07:00
10.1002/chem.202002533,2020-05-25T10:31:26-07:00
10.1002/chem.202001859,2020-05-26T01:19:29-07:00
10.1002/chem.202002324,2020-05-26T12:00:00-07:00
10.1002/chem.202002119,2020-05-26T12:00:00-07:00
10.1002/chem.202002063,2020-05-26T12:00:00-07:00
10.1002/chem.202001722,2020-05-26T12:00:00-07:00
10.1002/chem.202001734,2020-05-26T12:00:00-07:00
10.1002/chem.201905167,2020-05-26T02:34:21-07:00
10.1002/chem.202000159,2020-05-26T02:40:56-07:00
10.1002/chem.201904699,2020-05-26T02:40:59-07:00
10.1002/chem.202002255,2020-05-26T02:41:35-07:00
10.1002/chem.202001968,2020-05-26T02:41:44-07:00
10.1002/chem.202001526,2020-05-26T02:46:54-07:00
10.1002/chem.202001519,2020-05-26T02:48:05-07:00
10.1002/chem.202002253,2020-05-26T02:53:22-07:00
10.1002/chem.202002229,2020-05-26T03:02:44-07:00
10.1002/chem.202002254,2020-05-26T03:03:05-07:00
10.1002/chem.202002230,2020-05-26T03:03:22-07:00
10.1002/chem.202001145,2020-05-26T03:10:58-07:00
10.1002/chem.202002500,2020-05-26T03:13:02-07:00
10.1002/chem.202001374,2020-05-26T04:10:44-07:00
10.1002/chem.202001393,2020-05-26T04:45:20-07:00
10.1002/chem.202001082,2020-05-26T04:46:04-07:00
10.1002/chem.202001680,2020-05-26T04:46:25-07:00
10.1002/chem.202001561,2020-05-26T04:46:30-07:00
10.1002/chem.202001538,2020-05-26T05:33:51-07:00
10.1002/chem.202001877,2020-05-26T06:03:25-07:00
10.1002/chem.202000953,2020-05-26T08:30:26-07:00
10.1002/chem.202002027,2020-05-26T07:05:38-07:00
10.1002/chem.202002293,2020-05-27T12:00:00-07:00
10.1002/chem.202001967,2020-05-27T12:00:00-07:00
10.1002/chem.202001908,2020-05-27T12:00:00-07:00
10.1002/chem.202002153,2020-05-27T12:00:00-07:00
10.1002/chem.202002179,2020-05-27T12:59:51-07:00
10.1002/chem.202002382,2020-05-27T03:32:23-07:00
10.1002/chem.202002157,2020-05-27T04:59:55-07:00
10.1002/chem.202002405,2020-05-27T05:30:14-07:00
10.1002/chem.201902916,2020-05-27T05:40:22-07:00
10.1002/chem.202083063,2020-05-27T05:40:22-07:00
10.1002/chem.202083062,2020-05-27T05:40:22-07:00
10.1002/chem.202083061,2020-05-27T05:40:22-07:00
10.1002/chem.201904910,2020-05-27T05:40:22-07:00
10.1002/chem.202001626,2020-05-27T01:55:25-07:00
10.1002/chem.202001695,2020-05-27T01:55:46-07:00
10.1002/chem.202001766,2020-05-27T02:40:32-07:00
10.1002/chem.202001729,2020-05-27T07:06:39-07:00
10.1002/chem.202002048,2020-05-28T04:04:40-07:00
10.1002/chem.202002581,2020-05-28T06:06:03-07:00
10.1002/chem.202001662,2020-05-28T07:04:59-07:00
