"10.1002/cbic.202000245","2020-05-26T10:32:17-07:00"
"10.1002/cbic.202000213","2020-05-29T03:00:52-07:00"
"10.1002/cbic.202000185","2020-06-01T12:00:00-07:00"
"10.1002/cbic.202000196","2020-06-04T01:59:13-07:00"
"10.1002/cbic.202000341","2020-06-05T12:00:00-07:00"
"10.1002/cbic.202000260","2020-06-05T12:00:00-07:00"
"10.1002/cbic.202000253","2020-06-05T08:38:10-07:00"
"10.1002/cbic.202000105","2020-06-08T12:00:00-07:00"
"10.1002/cbic.202000162","2020-06-08T04:07:40-07:00"
"10.1002/cbic.202000348","2020-06-08T10:33:26-07:00"
"10.1002/cbic.202000214","2020-06-08T10:44:51-07:00"
"10.1002/cbic.202000280","2020-06-09T09:43:13-07:00"
"10.1002/cbic.202000200","2020-06-09T11:12:01-07:00"
"10.1002/cbic.202000205","2020-06-09T11:13:46-07:00"
"10.1002/cbic.202000362","2020-06-11T07:50:07-07:00"
"10.1002/cbic.202000300","2020-06-12T12:00:00-07:00"
"10.1002/cbic.202000197","2020-06-16T12:00:00-07:00"
"10.1002/cbic.202000064","2020-06-16T12:00:00-07:00"
"10.1002/cbic.202000271","2020-06-16T12:00:00-07:00"
"10.1002/cbic.202000066","2020-06-16T06:14:57-07:00"
"10.1002/cbic.202000230","2020-06-16T06:16:23-07:00"
"10.1002/cbic.202000201","2020-06-16T06:35:31-07:00"
"10.1002/cbic.202000174","2020-06-16T06:46:04-07:00"
"10.1002/cbic.202000158","2020-06-16T06:46:38-07:00"
"10.1002/cbic.202000131","2020-06-16T06:54:51-07:00"
"10.1002/cbic.202000356","2020-06-17T07:00:08-07:00"
"10.1002/cbic.202000172","2020-06-18T12:00:00-07:00"
"10.1002/cbic.202000272","2020-06-18T02:33:52-07:00"
"10.1002/cbic.202000142","2020-06-18T02:35:43-07:00"
"10.1002/cbic.202000204","2020-06-18T02:36:29-07:00"
"10.1002/cbic.202000313","2020-06-18T07:07:34-07:00"
"10.1002/cbic.202000136","2020-06-21T11:42:11-07:00"
"10.1002/cbic.202000212","2020-06-22T03:51:04-07:00"
"10.1002/cbic.202000207","2020-06-22T03:52:10-07:00"
"10.1002/cbic.202000231","2020-06-22T03:52:14-07:00"
"10.1002/cbic.202000194","2020-06-22T03:52:24-07:00"
"10.1002/cbic.202000254","2020-06-23T09:15:24-07:00"
"10.1002/cbic.202000404","2020-06-25T12:00:00-07:00"
"10.1002/cbic.202000176","2020-06-25T03:35:02-07:00"
"10.1002/cbic.202000237","2020-06-25T03:36:17-07:00"
"10.1002/cbic.202000303","2020-06-25T03:36:43-07:00"
"10.1002/cbic.202000329","2020-06-26T01:30:06-07:00"
"10.1002/cbic.202000227","2020-06-28T07:00:08-07:00"
"10.1002/cbic.202000268","2020-06-28T07:01:28-07:00"
"10.1002/cbic.202000338","2020-06-29T12:00:00-07:00"
"10.1002/cbic.202000375","2020-06-29T12:00:00-07:00"
"10.1002/cbic.202000330","2020-06-29T02:25:19-07:00"
"10.1002/cbic.202000203","2020-06-29T03:07:35-07:00"
"10.1002/cbic.202000343","2020-06-30T12:00:00-07:00"
"10.1002/cbic.202000109","2020-06-30T03:54:48-07:00"
"10.1002/cbic.202000311","2020-06-30T05:59:34-07:00"
"10.1002/cbic.202000247","2020-06-30T05:59:44-07:00"
"10.1002/cbic.202000405","2020-06-30T07:15:44-07:00"
"10.1002/cbic.202000291","2020-06-30T08:28:49-07:00"
"10.1002/cbic.202000128","2020-07-01T03:29:00-07:00"
"10.1002/cbic.202000232","2020-07-02T05:51:29-07:00"
"10.1002/cbic.202000244","2020-07-02T05:55:10-07:00"
"10.1002/cbic.202000331","2020-07-02T05:56:36-07:00"
"10.1002/cbic.202000238","2020-07-02T05:58:06-07:00"
"10.1002/cbic.202000336","2020-07-02T05:59:21-07:00"
"10.1002/cbic.202000233","2020-07-02T06:00:14-07:00"
"10.1002/cbic.202000319","2020-07-02T06:35:59-07:00"
"10.1002/cbic.202000381","2020-07-03T12:00:00-07:00"
"10.1002/cbic.202000295","2020-07-04T02:33:58-07:00"
"10.1002/cbic.202000297","2020-07-06T10:39:53-07:00"
"10.1002/cbic.202000433","2020-07-07T12:00:00-07:00"
"10.1002/cbic.202000287","2020-07-07T03:32:53-07:00"
"10.1002/cbic.202000289","2020-07-07T03:32:59-07:00"
"10.1002/cbic.202000262","2020-07-08T12:00:00-07:00"
"10.1002/cbic.202000290","2020-07-08T04:45:52-07:00"
"10.1002/cbic.202000444","2020-07-09T12:00:00-07:00"
"10.1002/cbic.202000261","2020-07-10T02:54:17-07:00"
"10.1002/cbic.202000445","2020-07-10T06:14:37-07:00"
"10.1002/cbic.202000378","2020-07-12T06:57:11-07:00"
"10.1002/cbic.202000315","2020-07-12T06:58:18-07:00"
"10.1002/cbic.202000457","2020-07-13T12:00:00-07:00"
"10.1002/cbic.202000450","2020-07-13T12:00:00-07:00"
"10.1002/cbic.202000246","2020-07-13T02:08:26-07:00"
"10.1002/cbic.202000427","2020-07-13T02:08:29-07:00"
"10.1002/cbic.202000027","2020-07-13T02:12:42-07:00"
"10.1002/cbic.202000269","2020-07-13T02:13:19-07:00"
"10.1002/cbic.202000425","2020-07-13T02:13:52-07:00"
"10.1002/cbic.202000358","2020-07-13T09:19:23-07:00"
"10.1002/cbic.202000235","2020-07-14T06:00:13-07:00"
"10.1002/cbic.202000229","2020-07-14T06:00:30-07:00"
"10.1002/cbic.202000236","2020-07-14T06:01:01-07:00"
"10.1002/cbic.202000317","2020-07-14T06:01:46-07:00"
"10.1002/cbic.202000263","2020-07-14T06:03:00-07:00"
"10.1002/cbic.202000266","2020-07-15T03:30:59-07:00"
"10.1002/cbic.202000344","2020-07-15T06:53:06-07:00"
"10.1002/cbic.201900783","2020-07-16T12:00:00-07:00"
"10.1002/cbic.202000028","2020-07-16T12:00:00-07:00"
"10.1002/cbic.202000020","2020-07-16T12:00:00-07:00"
"10.1002/cbic.201900648","2020-07-16T12:00:00-07:00"
"10.1002/cbic.201900766","2020-07-16T12:00:00-07:00"
"10.1002/cbic.202000092","2020-07-16T12:00:00-07:00"
"10.1002/cbic.202000037","2020-07-16T12:00:00-07:00"
"10.1002/cbic.202000412","2020-07-16T12:00:00-07:00"
"10.1002/cbic.202000411","2020-07-16T12:00:00-07:00"
"10.1002/cbic.202000410","2020-07-16T12:00:00-07:00"
"10.1002/cbic.201900778","2020-07-16T12:00:00-07:00"
"10.1002/cbic.201900787","2020-07-16T12:00:00-07:00"
"10.1002/cbic.202000015","2020-07-16T12:00:00-07:00"
"10.1002/cbic.202000014","2020-07-16T12:00:00-07:00"
"10.1002/cbic.202000068","2020-07-16T12:00:00-07:00"
"10.1002/cbic.202000112","2020-07-16T12:00:00-07:00"
"10.1002/cbic.202000024","2020-07-16T12:00:00-07:00"
"10.1002/cbic.202000050","2020-07-16T12:00:00-07:00"
"10.1002/cbic.202000031","2020-07-16T12:00:00-07:00"
"10.1002/cbic.202000030","2020-07-16T12:00:00-07:00"
"10.1002/cbic.202000100","2020-07-16T12:00:00-07:00"
"10.1002/cbic.202000426","2020-07-16T02:57:05-07:00"
"10.1002/cbic.202000351","2020-07-16T08:25:19-07:00"
"10.1002/cbic.202000402","2020-07-16T12:59:44-07:00"
"10.1002/cbic.202000379","2020-07-16T06:59:36-07:00"
"10.1002/cbic.202000264","2020-07-17T02:35:29-07:00"
"10.1002/cbic.202000206","2020-07-17T02:41:27-07:00"
"10.1002/cbic.202000306","2020-07-17T02:41:46-07:00"
"10.1002/cbic.202000305","2020-07-19T07:15:57-07:00"
"10.1002/cbic.202000359","2020-07-20T12:00:00-07:00"
"10.1002/cbic.202000480","2020-07-20T06:43:37-07:00"
"10.1002/cbic.202000481","2020-07-20T06:53:36-07:00"
"10.1002/cbic.202000417","2020-07-20T11:05:34-07:00"
"10.1002/cbic.202000409","2020-07-21T07:14:45-07:00"
"10.1002/cbic.202000309","2020-07-21T07:17:11-07:00"
"10.1002/cbic.202000383","2020-07-22T06:13:14-07:00"
"10.1002/cbic.202000432","2020-07-22T12:44:48-07:00"
"10.1002/cbic.202000354","2020-07-23T12:10:24-07:00"
"10.1002/cbic.202000485","2020-07-23T01:15:26-07:00"
"10.1002/cbic.202000490","2020-07-23T06:15:26-07:00"
"10.1002/cbic.202000335","2020-07-23T07:43:43-07:00"
"10.1002/cbic.202000376","2020-07-24T08:14:53-07:00"
"10.1002/cbic.202000371","2020-07-27T09:25:05-07:00"
"10.1002/cbic.202000479","2020-07-28T05:57:49-07:00"
"10.1002/cbic.202000347","2020-07-30T03:01:24-07:00"
"10.1002/cbic.202000430","2020-07-31T12:00:00-07:00"
"10.1002/cbic.202000257","2020-07-31T01:06:22-07:00"
"10.1002/cbic.202000373","2020-07-31T10:08:55-07:00"
"10.1002/cbic.202000340","2020-07-31T07:05:36-07:00"
"10.1002/cbic.202000106","2020-08-03T01:10:43-07:00"
"10.1002/cbic.202000102","2020-08-03T01:10:43-07:00"
"10.1002/cbic.201900689","2020-08-03T01:10:43-07:00"
"10.1002/cbic.202000097","2020-08-03T01:10:43-07:00"
"10.1002/cbic.202000177","2020-08-03T01:10:43-07:00"
"10.1002/cbic.202000079","2020-08-03T01:10:43-07:00"
"10.1002/cbic.202000089","2020-08-03T01:10:43-07:00"
"10.1002/cbic.202000062","2020-08-03T01:10:43-07:00"
"10.1002/cbic.202000049","2020-08-03T01:10:43-07:00"
"10.1002/cbic.202000081","2020-08-03T01:10:43-07:00"
"10.1002/cbic.201900774","2020-08-03T01:10:43-07:00"
"10.1002/cbic.201900753","2020-08-03T01:10:43-07:00"
"10.1002/cbic.202000025","2020-08-03T01:10:43-07:00"
"10.1002/cbic.202000146","2020-08-03T01:10:43-07:00"
"10.1002/cbic.202000056","2020-08-03T01:10:43-07:00"
"10.1002/cbic.202000054","2020-08-03T01:10:43-07:00"
"10.1002/cbic.202000117","2020-08-03T01:10:43-07:00"
"10.1002/cbic.202000007","2020-08-03T01:10:43-07:00"
"10.1002/cbic.202000392","2020-08-04T08:55:44-07:00"
"10.1002/cbic.202000422","2020-08-04T10:02:57-07:00"
"10.1002/cbic.202000408","2020-08-04T07:04:00-07:00"
"10.1002/cbic.202000419","2020-08-05T07:06:29-07:00"
"10.1002/cbic.202000370","2020-08-05T07:07:08-07:00"
"10.1002/cbic.202000416","2020-08-06T07:15:24-07:00"
"10.1002/cbic.202000510","2020-08-07T07:15:59-07:00"
"10.1002/cbic.202000514","2020-08-07T09:08:32-07:00"
"10.1002/cbic.202000553","2020-08-09T07:14:31-07:00"
"10.1002/cbic.202000349","2020-08-10T06:13:05-07:00"
"10.1002/cbic.202000557","2020-08-11T02:18:58-07:00"
"10.1002/cbic.202000452","2020-08-11T06:43:58-07:00"
"10.1002/cbic.202000413","2020-08-12T12:00:00-07:00"
"10.1002/cbic.202000459","2020-08-12T09:26:08-07:00"
"10.1002/cbic.202000460","2020-08-12T06:54:40-07:00"
"10.1002/cbic.202000491","2020-08-12T09:24:47-07:00"
"10.1002/cbic.202000503","2020-08-12T10:43:29-07:00"
"10.1002/cbic.202000473","2020-08-12T11:13:26-07:00"
"10.1002/cbic.202000442","2020-08-13T12:00:00-07:00"
"10.1002/cbic.202000548","2020-08-13T06:22:08-07:00"
"10.1002/cbic.202000547","2020-08-13T06:22:09-07:00"
"10.1002/cbic.202000449","2020-08-13T08:18:54-07:00"
"10.1002/cbic.202000398","2020-08-13T06:54:11-07:00"
"10.1002/cbic.202000437","2020-08-13T09:49:06-07:00"
"10.1002/cbic.202000476","2020-08-14T12:56:31-07:00"
"10.1002/cbic.202000326","2020-08-14T06:58:44-07:00"
"10.1002/cbic.202000424","2020-08-16T07:14:25-07:00"
"10.1002/cbic.202000555","2020-08-17T11:04:04-07:00"
"10.1002/cbic.202000508","2020-08-17T11:10:58-07:00"
"10.1002/cbic.202000111","2020-08-18T02:35:49-07:00"
"10.1002/cbic.202000065","2020-08-18T02:35:49-07:00"
"10.1002/cbic.202000166","2020-08-18T02:35:49-07:00"
"10.1002/cbic.202000073","2020-08-18T02:35:49-07:00"
"10.1002/cbic.202000121","2020-08-18T02:35:49-07:00"
"10.1002/cbic.202000072","2020-08-18T02:35:49-07:00"
"10.1002/cbic.202000113","2020-08-18T02:35:49-07:00"
"10.1002/cbic.202000141","2020-08-18T02:35:49-07:00"
"10.1002/cbic.202000188","2020-08-18T02:35:49-07:00"
"10.1002/cbic.202000057","2020-08-18T02:35:49-07:00"
"10.1002/cbic.202000052","2020-08-18T02:35:49-07:00"
"10.1002/cbic.202000103","2020-08-18T02:35:49-07:00"
"10.1002/cbic.202000154","2020-08-18T02:35:49-07:00"
"10.1002/cbic.202000138","2020-08-18T02:35:49-07:00"
"10.1002/cbic.202000135","2020-08-18T02:35:49-07:00"
"10.1002/cbic.202000180","2020-08-18T02:35:49-07:00"
"10.1002/cbic.202000116","2020-08-18T02:35:49-07:00"
"10.1002/cbic.202000071","2020-08-18T02:35:49-07:00"
"10.1002/cbic.202000195","2020-08-18T02:35:49-07:00"
"10.1002/cbic.202000523","2020-08-18T12:34:46-07:00"
"10.1002/cbic.202000549","2020-08-19T02:21:04-07:00"
"10.1002/cbic.202000570","2020-08-19T03:04:03-07:00"
"10.1002/cbic.202000569","2020-08-19T03:05:42-07:00"
"10.1002/cbic.202000509","2020-08-19T08:33:31-07:00"
"10.1002/cbic.202000488","2020-08-19T07:14:34-07:00"
"10.1002/cbic.202000429","2020-08-19T11:34:41-07:00"
"10.1002/cbic.202000380","2020-08-20T02:45:14-07:00"
"10.1002/cbic.202000403","2020-08-20T07:09:26-07:00"
"10.1002/cbic.202000575","2020-08-22T02:48:38-07:00"
"10.1002/cbic.202000423","2020-08-24T08:39:40-07:00"
"10.1002/cbic.202000550","2020-08-24T10:54:48-07:00"
"10.1002/cbic.202000513","2020-08-24T07:22:16-07:00"
"10.1002/cbic.202000493","2020-08-25T06:59:43-07:00"
"10.1002/cbic.202000458","2020-08-26T07:00:48-07:00"
"10.1002/cbic.202000316","2020-08-27T05:12:45-07:00"
"10.1002/cbic.202000536","2020-08-27T07:11:59-07:00"
"10.1002/cbic.202000537","2020-08-28T08:43:51-07:00"
"10.1002/cbic.202000332","2020-08-30T07:12:01-07:00"
"10.1002/cbic.202000567","2020-08-30T07:12:02-07:00"
"10.1002/cbic.202000538","2020-08-30T07:12:03-07:00"
"10.1002/cbic.202000494","2020-08-31T05:44:37-07:00"
"10.1002/cbic.202000554","2020-09-01T12:02:38-07:00"
"10.1002/cbic.202000584","2020-09-01T12:34:32-07:00"
"10.1002/cbic.202000159","2020-09-01T01:17:26-07:00"
"10.1002/cbic.202000147","2020-09-01T01:17:26-07:00"
"10.1002/cbic.202000083","2020-09-01T01:17:26-07:00"
"10.1002/cbic.202000042","2020-09-01T01:17:26-07:00"
"10.1002/cbic.202000123","2020-09-01T01:17:26-07:00"
"10.1002/cbic.201900786","2020-09-01T01:17:26-07:00"
"10.1002/cbic.202000125","2020-09-01T01:17:26-07:00"
"10.1002/cbic.202000149","2020-09-01T01:17:26-07:00"
"10.1002/cbic.202000143","2020-09-01T01:17:26-07:00"
"10.1002/cbic.202000004","2020-09-01T01:17:26-07:00"
"10.1002/cbic.202000124","2020-09-01T01:17:26-07:00"
"10.1002/cbic.202000122","2020-09-01T01:17:26-07:00"
"10.1002/cbic.202000179","2020-09-01T01:17:26-07:00"
"10.1002/cbic.202000173","2020-09-01T01:17:26-07:00"
"10.1002/cbic.202000157","2020-09-01T01:17:26-07:00"
"10.1002/cbic.202000119","2020-09-01T01:17:26-07:00"
"10.1002/cbic.202000110","2020-09-01T01:17:26-07:00"
"10.1002/cbic.202000163","2020-09-01T01:17:26-07:00"
"10.1002/cbic.202000178","2020-09-01T01:17:26-07:00"
"10.1002/cbic.202000406","2020-09-02T12:00:00-07:00"
"10.1002/cbic.202000516","2020-09-02T01:01:25-07:00"
"10.1002/cbic.202000387","2020-09-02T01:41:52-07:00"
"10.1002/cbic.202000541","2020-09-02T09:58:23-07:00"
"10.1002/cbic.202000542","2020-09-02T10:54:09-07:00"
"10.1002/cbic.202000477","2020-09-02T06:58:13-07:00"
"10.1002/cbic.202000441","2020-09-03T12:29:03-07:00"
"10.1002/cbic.202000505","2020-09-03T07:59:05-07:00"
"10.1002/cbic.202000589","2020-09-05T06:29:44-07:00"
"10.1002/cbic.202000507","2020-09-07T03:50:42-07:00"
"10.1002/cbic.202000397","2020-09-08T05:24:46-07:00"
"10.1002/cbic.202000369","2020-09-08T07:03:39-07:00"
"10.1002/cbic.202000564","2020-09-10T12:32:09-07:00"
"10.1002/cbic.202000364","2020-09-10T02:24:34-07:00"
"10.1002/cbic.202000377","2020-09-11T03:58:31-07:00"
"10.1002/cbic.202000552","2020-09-11T07:04:28-07:00"
"10.1002/cbic.202000598","2020-09-12T09:59:41-07:00"
"10.1002/cbic.202000544","2020-09-14T11:33:34-07:00"
"10.1002/cbic.202000639","2020-09-15T06:31:04-07:00"
"10.1002/cbic.202000637","2020-09-15T06:31:05-07:00"
"10.1002/cbic.202000182","2020-09-15T06:50:54-07:00"
"10.1002/cbic.202000095","2020-09-15T06:50:54-07:00"
"10.1002/cbic.202000091","2020-09-15T06:50:54-07:00"
"10.1002/cbic.202000126","2020-09-15T06:50:54-07:00"
"10.1002/cbic.202000226","2020-09-15T06:50:54-07:00"
"10.1002/cbic.202000155","2020-09-15T06:50:54-07:00"
"10.1002/cbic.202000132","2020-09-15T06:50:54-07:00"
"10.1002/cbic.202000063","2020-09-15T06:50:54-07:00"
"10.1002/cbic.202000561","2020-09-16T01:42:57-07:00"
"10.1002/cbic.202000382","2020-09-16T01:43:02-07:00"
"10.1002/cbic.202000495","2020-09-16T01:44:25-07:00"
"10.1002/cbic.202000439","2020-09-16T01:45:43-07:00"
"10.1002/cbic.202000636","2020-09-16T02:38:55-07:00"
"10.1002/cbic.202000525","2020-09-16T03:29:51-07:00"
"10.1002/cbic.202000651","2020-09-16T04:01:00-07:00"
"10.1002/cbic.202000551","2020-09-16T08:38:25-07:00"
"10.1002/cbic.202000526","2020-09-16T11:56:20-07:00"
"10.1002/cbic.202000638","2020-09-17T05:30:32-07:00"
"10.1002/cbic.202000645","2020-09-21T12:24:32-07:00"
"10.1002/cbic.202000518","2020-09-22T03:18:43-07:00"
"10.1002/cbic.202000585","2020-09-22T11:04:11-07:00"
"10.1002/cbic.202000587","2020-09-22T11:30:42-07:00"
"10.1002/cbic.202000602","2020-09-22T01:05:03-07:00"
"10.1002/cbic.202000372","2020-09-22T01:08:17-07:00"
"10.1002/cbic.202000407","2020-09-22T11:06:36-07:00"
"10.1002/cbic.202000511","2020-09-22T11:08:58-07:00"
"10.1002/cbic.202000556","2020-09-22T11:09:22-07:00"
"10.1002/cbic.202000605","2020-09-22T11:18:09-07:00"
"10.1002/cbic.202000579","2020-09-22T11:28:38-07:00"
"10.1002/cbic.202000597","2020-09-23T05:34:34-07:00"
"10.1002/cbic.202000577","2020-09-23T06:54:34-07:00"
"10.1002/cbic.202000609","2020-09-24T01:22:35-07:00"
"10.1002/cbic.202000298","2020-09-24T06:59:30-07:00"
"10.1002/cbic.202000465","2020-09-25T01:09:53-07:00"
"10.1002/cbic.202000610","2020-09-25T03:53:59-07:00"
"10.1002/cbic.202000630","2020-09-25T06:29:22-07:00"
"10.1002/cbic.202000517","2020-09-25T08:30:07-07:00"
"10.1002/cbic.202000527","2020-09-26T04:00:32-07:00"
"10.1002/cbic.202000618","2020-09-28T11:10:11-07:00"
"10.1002/cbic.202000601","2020-09-28T01:06:31-07:00"
"10.1002/cbic.202000565","2020-09-29T08:06:29-07:00"
"10.1002/cbic.202000563","2020-09-29T08:16:45-07:00"
"10.1002/cbic.202000499","2020-10-01T12:15:36-07:00"
"10.1002/cbic.202000094","2020-10-01T08:53:07-07:00"
"10.1002/cbic.202000586","2020-10-02T09:21:15-07:00"
"10.1002/cbic.202000624","2020-10-06T12:00:00-07:00"
"10.1002/cbic.202000617","2020-10-06T03:20:25-07:00"
"10.1002/cbic.202000681","2020-10-07T04:35:04-07:00"
"10.1002/cbic.202000683","2020-10-07T04:37:14-07:00"
"10.1002/cbic.202000632","2020-10-07T02:09:48-07:00"
"10.1002/cbic.202000700","2020-10-08T08:12:40-07:00"
"10.1002/cbic.202000595","2020-10-08T09:39:25-07:00"
"10.1002/cbic.202000466","2020-10-09T07:39:45-07:00"
"10.1002/cbic.202000696","2020-10-12T04:33:43-07:00"
"10.1002/cbic.202000571","2020-10-13T09:40:00-07:00"
"10.1002/cbic.202000616","2020-10-13T12:25:35-07:00"
"10.1002/cbic.202000712","2020-10-14T12:25:34-07:00"
"10.1002/cbic.202000600","2020-10-14T06:59:32-07:00"
"10.1002/cbic.202000641","2020-10-14T10:32:57-07:00"
"10.1002/cbic.202000594","2020-10-15T04:32:03-07:00"
"10.1002/cbic.202000250","2020-10-15T05:48:12-07:00"
"10.1002/cbic.202000187","2020-10-15T05:48:12-07:00"
"10.1002/cbic.202000659","2020-10-15T08:00:46-07:00"
"10.1002/cbic.202000697","2020-10-15T08:03:46-07:00"
"10.1002/cbic.202000643","2020-10-16T04:17:57-07:00"
"10.1002/cbic.202000711","2020-10-16T05:06:01-07:00"
"10.1002/cbic.202000581","2020-10-18T07:17:57-07:00"
"10.1002/cbic.202000661","2020-10-20T09:59:13-07:00"
"10.1002/cbic.202000455","2020-10-20T07:02:31-07:00"
"10.1002/cbic.202000675","2020-10-20T07:03:02-07:00"
"10.1002/cbic.202000682","2020-10-21T02:02:54-07:00"
"10.1002/cbic.202000591","2020-10-21T03:32:10-07:00"
"10.1002/cbic.202000669","2020-10-21T08:01:03-07:00"
"10.1002/cbic.202000612","2020-10-22T07:10:51-07:00"
"10.1002/cbic.202000583","2020-10-23T02:03:48-07:00"
"10.1002/cbic.202000670","2020-10-23T03:26:57-07:00"
"10.1002/cbic.202000633","2020-10-23T07:14:15-07:00"
"10.1002/cbic.202000704","2020-10-23T07:47:18-07:00"
"10.1002/cbic.202000634","2020-10-23T10:43:58-07:00"
"10.1002/cbic.202000660","2020-10-25T08:18:55-07:00"
"10.1002/cbic.202000531","2020-10-26T03:29:56-07:00"
"10.1002/cbic.202000529","2020-10-26T03:31:53-07:00"
"10.1002/cbic.202000730","2020-10-26T03:57:06-07:00"
"10.1002/cbic.202000678","2020-10-26T09:51:54-07:00"
"10.1002/cbic.202000611","2020-10-26T02:15:29-07:00"
"10.1002/cbic.202000647","2020-10-27T08:55:01-07:00"
"10.1002/cbic.202000650","2020-10-28T02:20:22-07:00"
"10.1002/cbic.202000677","2020-10-28T02:49:18-07:00"
"10.1002/cbic.202000693","2020-10-28T04:16:35-07:00"
"10.1002/cbic.202000733","2020-10-28T05:33:15-07:00"
"10.1002/cbic.202000734","2020-10-28T05:33:41-07:00"
"10.1002/cbic.202000732","2020-10-28T05:34:15-07:00"
"10.1002/cbic.202000744","2020-10-29T09:54:32-07:00"
"10.1002/cbic.202000738","2020-10-30T04:29:56-07:00"
"10.1002/cbic.202000656","2020-10-30T04:31:47-07:00"
"10.1002/cbic.202000574","2020-10-30T06:28:38-07:00"
"10.1002/cbic.202000642","2020-10-30T09:46:08-07:00"
"10.1002/cbic.202000500","2020-11-02T06:38:51-08:00"
"10.1002/cbic.202000671","2020-11-02T07:13:20-08:00"
"10.1002/cbic.202000698","2020-11-02T11:00:15-08:00"
"10.1002/cbic.202000626","2020-11-03T03:26:21-08:00"
"10.1002/cbic.202000667","2020-11-03T10:23:13-08:00"
"10.1002/cbic.202000735","2020-11-04T01:48:03-08:00"
"10.1002/cbic.202000674","2020-11-04T04:17:33-08:00"
"10.1002/cbic.202000535","2020-11-04T06:17:15-08:00"
"10.1002/cbic.202000658","2020-11-04T07:09:01-08:00"
"10.1002/cbic.202000699","2020-11-04T12:18:33-08:00"
"10.1002/cbic.202000701","2020-11-09T04:13:59-08:00"
"10.1002/cbic.202000707","2020-11-10T06:42:21-08:00"
"10.1002/cbic.202000497","2020-11-10T10:13:02-08:00"
"10.1002/cbic.202000640","2020-11-10T11:23:03-08:00"
"10.1002/cbic.202000622","2020-11-11T03:35:59-08:00"
"10.1002/cbic.202000540","2020-11-11T04:57:16-08:00"
"10.1002/cbic.202000562","2020-11-11T05:21:17-08:00"
"10.1002/cbic.202000718","2020-11-11T05:21:23-08:00"
"10.1002/cbic.202000768","2020-11-11T08:38:50-08:00"
"10.1002/cbic.202000715","2020-11-12T12:00:00-08:00"
"10.1002/cbic.202000687","2020-11-12T09:15:52-08:00"
"10.1002/cbic.202000520","2020-11-13T01:32:49-08:00"
"10.1002/cbic.202000759","2020-11-13T01:33:26-08:00"
"10.1002/cbic.202000760","2020-11-13T01:34:21-08:00"
"10.1002/cbic.202000613","2020-11-13T08:51:34-08:00"
"10.1002/cbic.202000614","2020-11-16T02:00:47-08:00"
"10.1002/cbic.202000751","2020-11-16T09:24:38-08:00"
"10.1002/cbic.202000418","2020-11-17T06:16:50-08:00"
"10.1002/cbic.202000478","2020-11-17T07:54:13-08:00"
"10.1002/cbic.202000532","2020-11-18T12:11:52-08:00"
"10.1002/cbic.202000727","2020-11-18T10:55:12-08:00"
"10.1002/cbic.202000757","2020-11-20T03:54:55-08:00"
"10.1002/cbic.202000754","2020-11-20T10:49:23-08:00"
"10.1002/cbic.202000758","2020-11-24T03:19:50-08:00"
"10.1002/cbic.202000530","2020-11-24T03:43:47-08:00"
"10.1002/cbic.202000705","2020-11-24T11:45:40-08:00"
"10.1002/cbic.202000688","2020-11-25T07:49:12-08:00"
"10.1002/cbic.202000791","2020-11-25T10:44:51-08:00"
"10.1002/cbic.202000773","2020-11-25T11:43:55-08:00"
"10.1002/cbic.202000784","2020-11-26T06:20:22-08:00"
"10.1002/cbic.202000692","2020-11-26T10:20:41-08:00"
"10.1002/cbic.202000716","2020-11-26T10:50:37-08:00"
"10.1002/cbic.202000778","2020-11-27T01:58:01-08:00"
"10.1002/cbic.202000779","2020-11-27T02:03:17-08:00"
"10.1002/cbic.202000770","2020-11-30T09:53:37-08:00"
"10.1002/cbic.202000679","2020-11-30T11:04:28-08:00"
"10.1002/cbic.202000746","2020-12-01T07:30:03-08:00"
"10.1002/cbic.202000747","2020-12-01T10:26:12-08:00"
"10.1002/cbic.202000742","2020-12-03T07:11:40-08:00"
"10.1002/cbic.202000761","2020-12-04T12:00:00-08:00"
"10.1002/cbic.202000745","2020-12-08T11:44:34-08:00"
"10.1002/cbic.202000644","2020-12-09T01:48:13-08:00"
"10.1002/cbic.202000721","2020-12-09T11:50:37-08:00"
"10.1002/cbic.202000748","2020-12-13T10:18:09-08:00"
"10.1002/cbic.202000785","2020-12-14T07:07:13-08:00"
"10.1002/cbic.202000772","2020-12-15T11:19:03-08:00"
"10.1002/cbic.202000825","2020-12-16T02:38:19-08:00"
"10.1002/cbic.202000822","2020-12-16T02:39:12-08:00"
"10.1002/cbic.202000823","2020-12-16T02:41:45-08:00"
"10.1002/cbic.202000824","2020-12-16T02:43:59-08:00"
"10.1002/cbic.202000765","2020-12-16T06:43:44-08:00"
"10.1002/cbic.202000775","2020-12-17T10:15:12-08:00"
"10.1002/cbic.202000810","2020-12-17T10:39:33-08:00"
"10.1002/cbic.202000731","2020-12-21T09:50:48-08:00"
"10.1002/cbic.202000728","2020-12-22T01:52:55-08:00"
"10.1002/cbic.202000663","2020-12-22T05:10:21-08:00"
"10.1002/cbic.202000695","2020-12-22T06:36:26-08:00"
"10.1002/cbic.202000793","2020-12-22T07:54:10-08:00"
"10.1002/cbic.202000703","2020-12-23T07:55:43-08:00"
"10.1002/cbic.202000854","2020-12-23T10:05:10-08:00"
"10.1002/cbic.202000845","2020-12-25T10:53:36-08:00"
"10.1002/cbic.202000709","2021-01-04T03:30:47-08:00"
"10.1002/cbic.202000755","2021-01-04T05:26:13-08:00"
"10.1002/cbic.202000859","2021-01-04T09:11:01-08:00"
"10.1002/cbic.202000862","2021-01-04T09:11:22-08:00"
"10.1002/cbic.202000861","2021-01-04T09:11:59-08:00"
"10.1002/cbic.202000860","2021-01-04T09:15:25-08:00"
"10.1002/cbic.202000736","2021-01-05T09:30:27-08:00"
"10.1002/cbic.202000880","2021-01-05T01:05:53-08:00"
"10.1002/cbic.202000839","2021-01-05T07:04:52-08:00"
"10.1002/cbic.202000776","2021-01-06T04:51:20-08:00"
"10.1002/cbic.202000725","2021-01-07T01:23:53-08:00"
"10.1002/cbic.202000821","2021-01-07T02:07:42-08:00"
"10.1002/cbic.202000834","2021-01-07T12:26:51-08:00"
"10.1002/cbic.202000743","2021-01-07T07:24:05-08:00"
"10.1002/cbic.202000803","2021-01-11T03:09:09-08:00"
"10.1002/cbic.202000797","2021-01-11T08:48:37-08:00"
"10.1002/cbic.202000816","2021-01-11T08:49:48-08:00"
"10.1002/cbic.202000763","2021-01-12T12:13:27-08:00"
"10.1002/cbic.202000769","2021-01-12T06:16:49-08:00"
"10.1002/cbic.202000723","2021-01-12T07:57:27-08:00"
"10.1002/cbic.202000767","2021-01-12T12:52:50-08:00"
"10.1002/cbic.202000848","2021-01-13T04:45:41-08:00"
"10.1002/cbic.202000805","2021-01-13T10:14:46-08:00"
"10.1002/cbic.202000870","2021-01-13T07:21:06-08:00"
"10.1002/cbic.202000826","2021-01-14T02:48:54-08:00"
"10.1002/cbic.202000799","2021-01-15T04:52:16-08:00"
"10.1002/cbic.202000843","2021-01-15T09:48:23-08:00"
"10.1002/cbic.202000850","2021-01-15T10:30:16-08:00"
"10.1002/cbic.202000792","2021-05-20"
"10.1002/cbic.202100014","2021-01-16T03:31:44-08:00"
"10.1002/cbic.202000752","2021-01-16T07:03:59-08:00"
"10.1002/cbic.202000847","2021-01-16T08:04:06-08:00"
"10.1002/cbic.202000863","2021-01-17T07:04:39-08:00"
"10.1002/cbic.202000841","2021-01-20T04:30:36-08:00"
"10.1002/cbic.202100009","2021-01-21T05:10:47-08:00"
"10.1002/cbic.202100010","2021-01-21T05:13:20-08:00"
"10.1002/cbic.202000740","2021-01-21T07:20:41-08:00"
"10.1002/cbic.202000787","2021-01-22T09:14:31-08:00"
"10.1002/cbic.202100030","2021-01-23T10:13:54-08:00"
"10.1002/cbic.202000852","2021-01-24T07:26:05-08:00"
"10.1002/cbic.202000865","2021-01-25T12:00:00-08:00"
"10.1002/cbic.202100034","2021-01-25T05:32:17-08:00"
"10.1002/cbic.202100033","2021-01-25T05:32:44-08:00"
"10.1002/cbic.202100032","2021-01-25T05:32:44-08:00"
"10.1002/cbic.202100015","2021-02-25"
"10.1002/cbic.202100027","2021-03-01"
"10.1002/cbic.202100049","2021-03-04"
"10.1002/cbic.202100041","2021-03-09"
"10.1002/cbic.202100028","2021-03-09"
"10.1002/cbic.202000835","2021-03-15"
"10.1002/cbic.202000796","2021-03-15"
"10.1002/cbic.202000846","2021-03-16"
"10.1002/cbic.202000856","2021-03-16"
"10.1002/cbic.202000800","2021-03-18"
"10.1002/cbic.202100031","2021-03-18"
"10.1002/cbic.202100089","2021-03-19"
"10.1002/cbic.202000685","2021-03-23"
"10.1002/cbic.202100016","2021-03-23"
"10.1002/cbic.202100103","2021-03-23"
"10.1002/cbic.202100029","2021-03-25"
"10.1002/cbic.202100011","2021-03-25"
"10.1002/cbic.202100023","2021-03-26"
"10.1002/cbic.202000722","2021-03-26"
"10.1002/cbic.202100088","2021-03-28"
"10.1002/cbic.202000874","2021-03-30"
"10.1002/cbic.202100006","2021-03-30"
"10.1002/cbic.202100072","2021-03-31"
"10.1002/cbic.202100067","2021-03-31"
"10.1002/cbic.202000882","2021-03-31"
"10.1002/cbic.202100037","2021-03-31"
"10.1002/cbic.202100079","2021-03-31"
"10.1002/cbic.202000851","2021-03-31"
"10.1002/cbic.202100070","2021-04-01"
"10.1002/cbic.202100085","2021-04-02"
"10.1002/cbic.202100008","2021-04-04"
"10.1002/cbic.202100004","2021-04-06"
"10.1002/cbic.202100064","2021-04-06"
"10.1002/cbic.202100055","2021-04-07"
"10.1002/cbic.202100077","2021-04-07"
"10.1002/cbic.202100013","2021-04-07"
"10.1002/cbic.202100051","2021-04-07"
"10.1002/cbic.202000876","2021-04-07"
"10.1002/cbic.202100043","2021-04-08"
"10.1002/cbic.202000838","2021-04-09"
"10.1002/cbic.202000883","2021-04-09"
"10.1002/cbic.202100047","2021-04-10"
"10.1002/cbic.202100127","2021-04-12"
"10.1002/cbic.202100071","2021-04-12"
"10.1002/cbic.202100145","2021-04-14"
"10.1002/cbic.202100102","2021-04-14"
"10.1002/cbic.202100054","2021-04-14"
"10.1002/cbic.202000739","2021-04-16"
"10.1002/cbic.202100130","2021-04-16"
"10.1002/cbic.202000879","2021-04-16","2021-04-18"
"10.1002/cbic.202100107","2021-04-19"
"10.1002/cbic.202100058","2021-04-19"
"10.1002/cbic.202100017","2021-04-19"
"10.1002/cbic.202100109","2021-04-19"
"10.1002/cbic.202100123","2021-04-21"
"10.1002/cbic.202100128","2021-04-21"
"10.1002/cbic.202100075","2021-04-21"
"10.1002/cbic.202100113","2021-04-22"
"10.1002/cbic.202100038","2021-04-22"
"10.1002/cbic.202000869","2021-04-22"
"10.1002/cbic.202100138","2021-04-22"
"10.1002/cbic.202100078","2021-04-22"
"10.1002/cbic.202100153","2021-04-22"
"10.1002/cbic.202100144","2021-04-23"
"10.1002/cbic.202100139","2021-04-29"
"10.1002/cbic.202100169","2021-04-29"
"10.1002/cbic.202100087","2021-04-30"
"10.1002/cbic.202100110","2021-05-03"
"10.1002/cbic.202100121","2021-05-03"
"10.1002/cbic.202100106","2021-05-04"
"10.1002/cbic.202100044","2021-05-04"
"10.1002/cbic.202100174","2021-05-05"
"10.1002/cbic.202100175","2021-05-05"
"10.1002/cbic.202100124","2021-05-05"
"10.1002/cbic.202100118","2021-05-05"
"10.1002/cbic.202100212","2021-05-09"
"10.1002/cbic.202100100","2021-05-10"
"10.1002/cbic.202100080","2021-05-10"
"10.1002/cbic.202100108","2021-05-13"
"10.1002/cbic.202100192","2021-05-14"
"10.1002/cbic.202100228","2021-05-16"
"10.1002/cbic.202100184","2021-05-17"
"10.1002/cbic.202100155","2021-05-17"
"10.1002/cbic.202100186","2021-05-17"
"10.1002/cbic.202100182","2021-05-18"
"10.1002/cbic.202100160","2021-05-18"
"10.1002/cbic.202100168","2021-05-19"
"10.1002/cbic.202100189","2021-05-19"
"10.1002/cbic.202100188","2021-05-20"
"10.1002/cbic.202100151","2021-05-24"
"10.1002/cbic.202100158","2021-05-24"
"10.1002/cbic.202100183","2021-05-25"
"10.1002/cbic.202100187","2021-05-25"
"10.1002/cbic.202100112","2021-05-27"
"10.1002/cbic.202100161","2021-05-27"
"10.1002/cbic.202100117","2021-05-27"
"10.1002/cbic.202100217","2021-05-31"
"10.1002/cbic.202100111","2021-05-31"
"10.1002/cbic.202100092","2021-05-31"
"10.1002/cbic.202100171","2021-06-01"
"10.1002/cbic.202100205","2021-06-04"
"10.1002/cbic.202100206","2021-06-04"
"10.1002/cbic.202100176","2021-06-07"
"10.1002/cbic.202100098","2021-06-08"
"10.1002/cbic.202100219","2021-06-08"
"10.1002/cbic.202100199","2021-06-08"
"10.1002/cbic.202100241","2021-06-09"
"10.1002/cbic.202100259","2021-06-10"
"10.1002/cbic.202100224","2021-06-10"
"10.1002/cbic.202100230","2021-06-10"
"10.1002/cbic.202100242","2021-06-10"
"10.1002/cbic.202100238","2021-06-10"
"10.1002/cbic.202100218","2021-06-12"
"10.1002/cbic.202100214","2021-06-14"
"10.1002/cbic.202100150","2021-06-14"
"10.1002/cbic.202100209","2021-06-15"
"10.1002/cbic.202100132","2021-06-16"
"10.1002/cbic.202100181","2021-06-17"
"10.1002/cbic.202100273","2021-06-17"
"10.1002/cbic.202100244","2021-06-17"
"10.1002/cbic.202100202","2021-06-17"
"10.1002/cbic.202100292","2021-06-19"
"10.1002/cbic.202100261","2021-06-19"
"10.1002/cbic.202100281","2021-06-19"
"10.1002/cbic.202100282","2021-06-19"
"10.1002/cbic.202100225","2021-06-21"
"10.1002/cbic.202100213","2021-06-22"
"10.1002/cbic.202100191","2021-06-23"
"10.1002/cbic.202100193","2021-06-23"
"10.1002/cbic.202100249","2021-06-25"
"10.1002/cbic.202100308","2021-06-28"
"10.1002/cbic.202100275","2021-06-29"
"10.1002/cbic.202100240","2021-06-30"
"10.1002/cbic.202100309","2021-06-30"
"10.1002/cbic.202100247","2021-07-02"
"10.1002/cbic.202100223","2021-07-02"
"10.1002/cbic.202100220","2021-07-05"
"10.1002/cbic.202100255","2021-07-05"
"10.1002/cbic.202100146","2021-07-05"
"10.1002/cbic.202100232","2021-07-06"
"10.1002/cbic.202100330","2021-07-07"
"10.1002/cbic.202100210","2021-07-08"
"10.1002/cbic.202100257","2021-07-09"
"10.1002/cbic.202100283","2021-07-09"
"10.1002/cbic.202100280","2021-07-09"
"10.1002/cbic.202100227","2021-07-09"
"10.1002/cbic.202100317","2021-07-09"
"10.1002/cbic.202100250","2021-07-11"
"10.1002/cbic.202100253","2021-07-12"
"10.1002/cbic.202100258","2021-07-12"
"10.1002/cbic.202100164","2021-07-14"
"10.1002/cbic.202100243","2021-07-14"
"10.1002/cbic.202100296","2021-07-15"
"10.1002/cbic.202100288","2021-07-15"
"10.1002/cbic.202100346","2021-07-15"
"10.1002/cbic.202100301","2021-07-19"
"10.1002/cbic.202100324","2021-07-19"
"10.1002/cbic.202100356","2021-07-21"
"10.1002/cbic.202100274","2021-07-21"
"10.1002/cbic.202100291","2021-07-22"
"10.1002/cbic.202100350","2021-07-22"
"10.1002/cbic.202100290","2021-07-22"
"10.1002/cbic.202100276","2021-07-22"
"10.1002/cbic.202100345","2021-07-24"
"10.1002/cbic.202100229","2021-07-27"
"10.1002/cbic.202100334","2021-07-28"
"10.1002/cbic.202100349","2021-07-29"
"10.1002/cbic.202100362","2021-07-29"
"10.1002/cbic.202100315","2021-08-02"
"10.1002/cbic.202100266","2021-08-03"
"10.1002/cbic.202100319","2021-08-04"
"10.1002/cbic.202100394","2021-08-04"
"10.1002/cbic.202100251","2021-08-05"
"10.1002/cbic.202100398","2021-08-10"
"10.1002/cbic.202100352","2021-08-10"
"10.1002/cbic.202100287","2021-08-10"
"10.1002/cbic.202100321","2021-08-10"
"10.1002/cbic.202100358","2021-08-10"
"10.1002/cbic.202100285","2021-08-12"
"10.1002/cbic.202100314","2021-08-12"
"10.1002/cbic.202100333","2021-08-12"
"10.1002/cbic.202100211","2021-08-12"
"10.1002/cbic.202100304","2021-08-13"
"10.1002/cbic.202100363","2021-08-16"
"10.1002/cbic.202100310","2021-08-16"
"10.1002/cbic.202100374","2021-08-18"
"10.1002/cbic.202100373","2021-08-18"
"10.1002/cbic.202100316","2021-08-19"
"10.1002/cbic.202100347","2021-08-19"
"10.1002/cbic.202100286","2021-08-19"
"10.1002/cbic.202100299","2021-08-20"
"10.1002/cbic.202100359","2021-08-21"
"10.1002/cbic.202100434","2021-08-25"
"10.1002/cbic.202100399","2021-08-25"
"10.1002/cbic.202100339","2021-08-27"
"10.1002/cbic.202100396","2021-08-30"
"10.1002/cbic.202100344","2021-08-30"
"10.1002/cbic.202100387","2021-09-01"
"10.1002/cbic.202100380","2021-09-01"
"10.1002/cbic.202100400","2021-09-01"
"10.1002/cbic.202100313","2021-09-01"
"10.1002/cbic.202100306","2021-09-06"
"10.1002/cbic.202100357","2021-09-06"
"10.1002/cbic.202100388","2021-09-06"
"10.1002/cbic.202100391","2021-09-07"
"10.1002/cbic.202100473","2021-09-07"
"10.1002/cbic.202100327","2021-09-08"
"10.1002/cbic.202100270","2021-09-08"
"10.1002/cbic.202100385","2021-09-08"
"10.1002/cbic.202100420","2021-09-09"
"10.1002/cbic.202100323","2021-09-10"
"10.1002/cbic.202100471","2021-09-12"
"10.1002/cbic.202100312","2021-09-14"
"10.1002/cbic.202100379","2021-09-14"
"10.1002/cbic.202100392","2021-09-14"
"10.1002/cbic.202100381","2021-09-14"
"10.1002/cbic.202100457","2021-09-15"
"10.1002/cbic.202100393","2021-09-16"
"10.1002/cbic.202100401","2021-09-19"
"10.1002/cbic.202100439","2021-09-20"
"10.1002/cbic.202100486","2021-09-20"
"10.1002/cbic.202100418","2021-09-21"
"10.1002/cbic.202100447","2021-09-21"
"10.1002/cbic.202100383","2021-09-21"
"10.1002/cbic.202100425","2021-09-21"
"10.1002/cbic.202100372","2021-09-21"
"10.1002/cbic.202100431","2021-09-22"
"10.1002/cbic.202100478","2021-09-22"
"10.1002/cbic.202100421","2021-09-23"
"10.1002/cbic.202100468","2021-09-24"
"10.1002/cbic.202100469","2021-09-24"
"10.1002/cbic.202100265","2021-09-26"
"10.1002/cbic.202100506","2021-09-27"
"10.1002/cbic.202100423","2021-09-27"
"10.1002/cbic.202100412","2021-09-27"
"10.1002/cbic.202100378","2021-09-28"
"10.1002/cbic.202100501","2021-09-28"
"10.1002/cbic.202100445","2021-09-29"
"10.1002/cbic.202100503","2021-09-30"
"10.1002/cbic.202100427","2021-10-01"
"10.1002/cbic.202100450","2021-10-03"
"10.1002/cbic.202100417","2021-10-04"
"10.1002/cbic.202100433","2021-10-04"
"10.1002/cbic.202100437","2021-10-04"
"10.1002/cbic.202100424","2021-10-05"
"10.1002/cbic.202100443","2021-10-06"
"10.1002/cbic.202100407","2021-10-07"
"10.1002/cbic.202100532","2021-10-07"
"10.1002/cbic.202100520","2021-10-08"
"10.1002/cbic.202100509","2021-10-08"
"10.1002/cbic.202100490","2021-10-11"
"10.1002/cbic.202100366","2021-10-11"
"10.1002/cbic.202100361","2021-10-12"
"10.1002/cbic.202100413","2021-10-12"
"10.1002/cbic.202100531","2021-10-12"
"10.1002/cbic.202100414","2021-10-12"
"10.1002/cbic.202100430","2021-10-12"
"10.1002/cbic.202100452","2021-10-13"
"10.1002/cbic.202100528","2021-10-13"
"10.1002/cbic.202100322","2021-10-13"
"10.1002/cbic.202100476","2021-10-13"
"10.1002/cbic.202100459","2021-10-13"
"10.1002/cbic.202100453","2021-10-13"
"10.1002/cbic.202100449","2021-10-13"
"10.1002/cbic.202100463","2021-10-14"
"10.1002/cbic.202100491","2021-10-15"
"10.1002/cbic.202100474","2021-10-18"
"10.1002/cbic.202100446","2021-10-19"
"10.1002/cbic.202100540","2021-10-19"
"10.1002/cbic.202100550","2021-10-19"
"10.1002/cbic.202100484","2021-10-20"
"10.1002/cbic.202100465","2021-10-21"
"10.1002/cbic.202100558","2021-10-22"
"10.1002/cbic.202100498","2021-10-25"
"10.1002/cbic.202100448","2021-10-25"
"10.1002/cbic.202100557","2021-10-25"
"10.1002/cbic.202100435","2021-10-26"
"10.1002/cbic.202100340","2021-10-26"
"10.1002/cbic.202100411","2021-10-26"
"10.1002/cbic.202100577","2021-10-26"
"10.1002/cbic.202100510","2021-10-28"
"10.1002/cbic.202100581","2021-10-28"
"10.1002/cbic.202100460","2021-11-02"
"10.1002/cbic.202100464","2021-11-02"
"10.1002/cbic.202100578","2021-11-02"
"10.1002/cbic.202100441","2021-11-02"
"10.1002/cbic.202100584","2021-11-03"
"10.1002/cbic.202100568","2021-11-03"
"10.1002/cbic.202100536","2021-11-03"
"10.1002/cbic.202100470","2021-11-04"
"10.1002/cbic.202100579","2021-11-05"
"10.1002/cbic.202100586","2021-11-05"
"10.1002/cbic.202100585","2021-11-05"
"10.1002/cbic.202100576","2021-11-05"
"10.1002/cbic.202100467","2021-11-08"
"10.1002/cbic.202100502","2021-11-10"
"10.1002/cbic.202100543","2021-11-11"
"10.1002/cbic.202100515","2021-11-11"
"10.1002/cbic.202100555","2021-11-11"
"10.1002/cbic.202100517","2021-11-12"
"10.1002/cbic.202100472","2021-11-12"
"10.1002/cbic.202100416","2021-11-12"
"10.1002/cbic.202100516","2021-11-15"
"10.1002/cbic.202100631","2021-11-16"
"10.1002/cbic.202100518","2021-11-16"
"10.1002/cbic.202100563","2021-11-17"
"10.1002/cbic.202100559","2021-11-17"
"10.1002/cbic.202100533","2021-11-18"
"10.1002/cbic.202100613","2021-11-18"
"10.1002/cbic.202100587","2021-11-19"
"10.1002/cbic.202100495","2021-11-19"
"10.1002/cbic.202100561","2021-11-23"
"10.1002/cbic.202100507","2021-11-24"
"10.1002/cbic.202100504","2021-11-24"
"10.1002/cbic.202100601","2021-11-25"
"10.1002/cbic.202100608","2021-11-25"
"10.1002/cbic.202100489","2021-11-25"
"10.1002/cbic.202100527","2021-11-25"
"10.1002/cbic.202100569","2021-11-30"
"10.1002/cbic.202100564","2021-11-30"
"10.1002/cbic.202100539","2021-12-01"
"10.1002/cbic.202100574","2021-12-01"
"10.1002/cbic.202100552","2021-12-01"
"10.1002/cbic.202100604","2021-12-01"
"10.1002/cbic.202100487","2021-12-01"
"10.1002/cbic.202100553","2021-12-02"
"10.1002/cbic.202100514","2021-12-02"
"10.1002/cbic.202100596","2021-12-03"
"10.1002/cbic.202100534","2021-12-04"
"10.1002/cbic.202100598","2021-12-06"
"10.1002/cbic.202100662","2021-12-07"
"10.1002/cbic.202100649","2021-12-08"
"10.1002/cbic.202100485","2021-12-08"
"10.1002/cbic.202100600","2021-12-08"
"10.1002/cbic.202100583","2021-12-08"
"10.1002/cbic.202100614","2021-12-08"
"10.1002/cbic.202100560","2021-12-09"
"10.1002/cbic.202100645","2021-12-09"
"10.1002/cbic.202100554","2021-12-10"
"10.1002/cbic.202100594","2021-12-10"
"10.1002/cbic.202100582","2021-12-12"
"10.1002/cbic.202100609","2021-12-13"
"10.1002/cbic.202100551","2021-12-13"
"10.1002/cbic.202100668","2021-12-14"
"10.1002/cbic.202100603","2021-12-14"
"10.1002/cbic.202100592","2021-12-14"
"10.1002/cbic.202100642","2021-12-14"
"10.1002/cbic.202100674","2021-12-16"
"10.1002/cbic.202100667","2021-12-16"
"10.1002/cbic.202100628","2021-12-16"
"10.1002/cbic.202100632","2021-12-20"
"10.1002/cbic.202100606","2021-12-20"
"10.1002/cbic.202100640","2021-12-21"
"10.1002/cbic.202100624","2021-12-22"
"10.1002/cbic.202100589","2021-12-23"
"10.1002/cbic.202100597","2021-12-27"
"10.1002/cbic.202100497","2021-12-27"
"10.1002/cbic.202100623","2021-12-31"
"10.1002/cbic.202100593","2022-01-03"
"10.1002/cbic.202100480","2022-01-03"
"10.1002/cbic.202100670","2022-01-05"
"10.1002/cbic.202100548","2022-01-05"
"10.1002/cbic.202100655","2022-01-07"
"10.1002/cbic.202100672","2022-01-09"
"10.1002/cbic.202100688","2022-01-10"
"10.1002/cbic.202100641","2022-01-10"
"10.1002/cbic.202100681","2022-01-12"
"10.1002/cbic.202100659","2022-01-13"
"10.1002/cbic.202200017","2022-01-13"
"10.1002/cbic.202100567","2022-01-13"
"10.1002/cbic.202100678","2022-01-13"
"10.1002/cbic.202100605","2022-01-18"
"10.1002/cbic.202100666","2022-01-18"
"10.1002/cbic.202100618","2022-01-18"
"10.1002/cbic.202100704","2022-01-19"
"10.1002/cbic.202100644","2022-01-20"
"10.1002/cbic.202100633","2022-01-21"
"10.1002/cbic.202100702","2022-01-21"
"10.1002/cbic.202100626","2022-01-26"
"10.1002/cbic.202100643","2022-01-26"
"10.1002/cbic.202100651","2022-01-27"
"10.1002/cbic.202100573","2022-01-27"
"10.1002/cbic.202100685","2022-01-31"
"10.1002/cbic.202200061","2022-02-01"
"10.1002/cbic.202100570","2022-02-01"
"10.1002/cbic.202200034","2022-02-02"
"10.1002/cbic.202200024","2022-02-02"
"10.1002/cbic.202100693","2022-02-02"
"10.1002/cbic.202100658","2022-02-02"
"10.1002/cbic.202100710","2022-02-02"
"10.1002/cbic.202200022","2022-02-03"
"10.1002/cbic.202100708","2022-02-03"
"10.1002/cbic.202100691","2022-02-06"
"10.1002/cbic.202200027","2022-02-07"
"10.1002/cbic.202100661","2022-02-08"
"10.1002/cbic.202100700","2022-02-08"
"10.1002/cbic.202200075","2022-02-10"
"10.1002/cbic.202100544","2022-02-10"
"10.1002/cbic.202100697","2022-02-10"
"10.1002/cbic.202200029","2022-02-15"
"10.1002/cbic.202100707","2022-02-15"
"10.1002/cbic.202100671","2022-02-18"
"10.1002/cbic.202100607","2022-02-18"
"10.1002/cbic.202200108","2022-02-21"
"10.1002/cbic.202200105","2022-02-21"
"10.1002/cbic.202100654","2022-02-21"
"10.1002/cbic.202200005","2022-02-21"
"10.1002/cbic.202200048","2022-02-22"
"10.1002/cbic.202100521","2022-02-23"
"10.1002/cbic.202100699","2022-02-23"
"10.1002/cbic.202200086","2022-02-28"
"10.1002/cbic.202200007","2022-02-28"
"10.1002/cbic.202200109","2022-02-28"
"10.1002/cbic.202100694","2022-03-01"
"10.1002/cbic.202200013","2022-03-02"
"10.1002/cbic.202200012","2022-03-02"
"10.1002/cbic.202200122","2022-03-02"
"10.1002/cbic.202200090","2022-03-04"
"10.1002/cbic.202200073","2022-03-04"
"10.1002/cbic.202200069","2022-03-07"
"10.1002/cbic.202200063","2022-03-07"
"10.1002/cbic.202200133","2022-03-08"
"10.1002/cbic.202100689","2022-03-09"
"10.1002/cbic.202200088","2022-03-09"
"10.1002/cbic.202200026","2022-03-14"
"10.1002/cbic.202100684","2022-03-17"
"10.1002/cbic.202100698","2022-03-17"
"10.1002/cbic.202100599","2022-03-18"
"10.1002/cbic.202200097","2022-03-18"
"10.1002/cbic.202200076","2022-03-21"
"10.1002/cbic.202100625","2022-03-21"
"10.1002/cbic.202200067","2022-03-22"
"10.1002/cbic.202200021","2022-03-23"
"10.1002/cbic.202200040","2022-03-23"
"10.1002/cbic.202200059","2022-03-23"
"10.1002/cbic.202200150","2022-03-23"
"10.1002/cbic.202200077","2022-03-24"
"10.1002/cbic.202200060","2022-03-24"
"10.1002/cbic.202200020","2022-03-24"
"10.1002/cbic.202100665","2022-03-25"
"10.1002/cbic.202200065","2022-03-25"
"10.1002/cbic.202200101","2022-03-28"
"10.1002/cbic.202200066","2022-03-28"
"10.1002/cbic.202200136","2022-03-29"
"10.1002/cbic.202200095","2022-03-30"
"10.1002/cbic.202200025","2022-03-30"
"10.1002/cbic.202200062","2022-03-30"
"10.1002/cbic.202100637","2022-03-30"
"10.1002/cbic.202200098","2022-03-30"
"10.1002/cbic.202200064","2022-03-30"
"10.1002/cbic.202200156","2022-03-30"
"10.1002/cbic.202200071","2022-04-01"
"10.1002/cbic.202200126","2022-04-01"
"10.1002/cbic.202200152","2022-04-01"
"10.1002/cbic.202200144","2022-04-04"
"10.1002/cbic.202200179","2022-04-06"
"10.1002/cbic.202200187","2022-04-06"
"10.1002/cbic.202200195","2022-04-06"
"10.1002/cbic.202200049","2022-04-07"
"10.1002/cbic.202200079","2022-04-12"
"10.1002/cbic.202200006","2022-04-13"
"10.1002/cbic.202200146","2022-04-13"
"10.1002/cbic.202200115","2022-04-14"
"10.1002/cbic.202200044","2022-04-16"
"10.1002/cbic.202200201","2022-04-19"
"10.1002/cbic.202200222","2022-04-19"
"10.1002/cbic.202200143","2022-04-19"
"10.1002/cbic.202200172","2022-04-20"
"10.1002/cbic.202200038","2022-04-20"
"10.1002/cbic.202100705","2022-04-22"
"10.1002/cbic.202200092","2022-04-24"
"10.1002/cbic.202200186","2022-04-25"
"10.1002/cbic.202200131","2022-04-25"
"10.1002/cbic.202200127","2022-04-25"
"10.1002/cbic.202100523","2022-04-26"
"10.1002/cbic.202200165","2022-04-26"
"10.1002/cbic.202200130","2022-04-26"
"10.1002/cbic.202200157","2022-04-27"
"10.1002/cbic.202200147","2022-04-27"
"10.1002/cbic.202200081","2022-04-28"
"10.1002/cbic.202200183","2022-04-28"
"10.1002/cbic.202200119","2022-05-01"
"10.1002/cbic.202200016","2022-05-01"
"10.1002/cbic.202200200","2022-05-02"
"10.1002/cbic.202200241","2022-05-04"
"10.1002/cbic.202200257","2022-05-05"
"10.1002/cbic.202200258","2022-05-08"
"10.1002/cbic.202200192","2022-05-10"
"10.1002/cbic.202200074","2022-05-11"
"10.1002/cbic.202200140","2022-05-11"
"10.1002/cbic.202200149","2022-05-12"
"10.1002/cbic.202200269","2022-05-13"
"10.1002/cbic.202200226","2022-05-13"
"10.1002/cbic.202200268","2022-05-14"
"10.1002/cbic.202200248","2022-05-15"
"10.1002/cbic.202200028","2022-05-16"
"10.1002/cbic.202200173","2022-05-16"
"10.1002/cbic.202200263","2022-05-16"
"10.1002/cbic.202200262","2022-05-16"
"10.1002/cbic.202200264","2022-05-16"
"10.1002/cbic.202200217","2022-05-16"
"10.1002/cbic.202200254","2022-05-17"
"10.1002/cbic.202200249","2022-05-18"
"10.1002/cbic.202200231","2022-05-18"
"10.1002/cbic.202200191","2022-05-18"
"10.1002/cbic.202200091","2022-05-20"
"10.1002/cbic.202200121","2022-05-20"
"10.1002/cbic.202200124","2022-05-22"
"10.1002/cbic.202200209","2022-05-22"
"10.1002/cbic.202200180","2022-05-24"
"10.1002/cbic.202200272","2022-05-24"
"10.1002/cbic.202200175","2022-05-25"
"10.1002/cbic.202200125","2022-05-30"
"10.1002/cbic.202200228","2022-05-31"
"10.1002/cbic.202200158","2022-05-31"
"10.1002/cbic.202200293","2022-06-01"
"10.1002/cbic.202200210","2022-06-01"
"10.1002/cbic.202200236","2022-06-01"
"10.1002/cbic.202200190","2022-06-01"
"10.1002/cbic.202200287","2022-06-01"
"10.1002/cbic.202200216","2022-06-03"
"10.1002/cbic.202200089","2022-06-05"
"10.1002/cbic.202200223","2022-06-06"
"10.1002/cbic.202200300","2022-06-07"
"10.1002/cbic.202200202","2022-06-08"
"10.1002/cbic.202200168","2022-06-08"
"10.1002/cbic.202200138","2022-06-08"
"10.1002/cbic.202200220","2022-06-08"
"10.1002/cbic.202200250","2022-06-08"
"10.1002/cbic.202200240","2022-06-10"
"10.1002/cbic.202200238","2022-06-10"
"10.1002/cbic.202200212","2022-06-12"
"10.1002/cbic.202200171","2022-06-13"
"10.1002/cbic.202200039","2022-06-13"
"10.1002/cbic.202200335","2022-06-15"
"10.1002/cbic.202200329","2022-06-17"
"10.1002/cbic.202200239","2022-06-17"
"10.1002/cbic.202200253","2022-06-17"
"10.1002/cbic.202200338","2022-06-17"
"10.1002/cbic.202200290","2022-06-17"
"10.1002/cbic.202200276","2022-06-17"
"10.1002/cbic.202200346","2022-06-20"
"10.1002/cbic.202200321","2022-06-22"
"10.1002/cbic.202200265","2022-06-24"
"10.1002/cbic.202200053","2022-06-24"
"10.1002/cbic.202200196","2022-06-28"
"10.1002/cbic.202200154","2022-06-28"
"10.1002/cbic.202200178","2022-06-29"
"10.1002/cbic.202200311","2022-06-30"
"10.1002/cbic.202200281","2022-06-30"
"10.1002/cbic.202200139","2022-07-01"
"10.1002/cbic.202200255","2022-07-01"
"10.1002/cbic.202200245","2022-07-03"
"10.1002/cbic.202200162","2022-07-04"
"10.1002/cbic.202200372","2022-07-04"
"10.1002/cbic.202200354","2022-07-04"
"10.1002/cbic.202200357","2022-07-05"
"10.1002/cbic.202200310","2022-07-05"
"10.1002/cbic.202200260","2022-07-05"
"10.1002/cbic.202200361","2022-07-06"
"10.1002/cbic.202200362","2022-07-06"
"10.1002/cbic.202200316","2022-07-08"
"10.1002/cbic.202200275","2022-07-08"
"10.1002/cbic.202200306","2022-07-08"
"10.1002/cbic.202200267","2022-07-10"
"10.1002/cbic.202200197","2022-07-11"
"10.1002/cbic.202200266","2022-07-11"
"10.1002/cbic.202200270","2022-07-13"
"10.1002/cbic.202200244","2022-07-13"
"10.1002/cbic.202200377","2022-07-14"
"10.1002/cbic.202200323","2022-07-14"
"10.1002/cbic.202200259","2022-07-15"
"10.1002/cbic.202200395","2022-07-15"
"10.1002/cbic.202200349","2022-07-15"
"10.1002/cbic.202200166","2022-07-17"
"10.1002/cbic.202200355","2022-07-18"
"10.1002/cbic.202200394","2022-07-18"
"10.1002/cbic.202200393","2022-07-19"
"10.1002/cbic.202200352","2022-07-22"
"10.1002/cbic.202200325","2022-07-25"
"10.1002/cbic.202200227","2022-07-25"
"10.1002/cbic.202200340","2022-07-25"
"10.1002/cbic.202200381","2022-07-27"
"10.1002/cbic.202200303","2022-07-27"
"10.1002/cbic.202200358","2022-07-27"
"10.1002/cbic.202200181","2022-07-28"
"10.1002/cbic.202200344","2022-07-29"
"10.1002/cbic.202200302","2022-07-29"
"10.1002/cbic.202200304","2022-08-03"
"10.1002/cbic.202200399","2022-08-03"
"10.1002/cbic.202200363","2022-08-03"
"10.1002/cbic.202200367","2022-08-03"
"10.1002/cbic.202200424","2022-08-03"
"10.1002/cbic.202200398","2022-08-04"
"10.1002/cbic.202200384","2022-08-04"
"10.1002/cbic.202200307","2022-08-04"
"10.1002/cbic.202200319","2022-08-05"
"10.1002/cbic.202200445","2022-08-09"
"10.1002/cbic.202200285","2022-08-09"
"10.1002/cbic.202200320","2022-08-09"
"10.1002/cbic.202200332","2022-08-11"
"10.1002/cbic.202200390","2022-08-11"
"10.1002/cbic.202200351","2022-08-11"
"10.1002/cbic.202200295","2022-08-12"
"10.1002/cbic.202200371","2022-08-15"
"10.1002/cbic.202200391","2022-08-16"
"10.1002/cbic.202200471","2022-08-16"
"10.1002/cbic.202200312","2022-08-17"
"10.1002/cbic.202200474","2022-08-17"
"10.1002/cbic.202200388","2022-08-17"
"10.1002/cbic.202200333","2022-08-18"
"10.1002/cbic.202200359","2022-08-19"
"10.1002/cbic.202200327","2022-08-22"
"10.1002/cbic.202200345","2022-08-22"
"10.1002/cbic.202200431","2022-08-23"
"10.1002/cbic.202200341","2022-08-23"
"10.1002/cbic.202200413","2022-08-23"
"10.1002/cbic.202200429","2022-08-23"
"10.1002/cbic.202200458","2022-08-23"
"10.1002/cbic.202200406","2022-08-23"
"10.1002/cbic.202200386","2022-08-24"
"10.1002/cbic.202200416","2022-08-25"
"10.1002/cbic.202200405","2022-08-25"
"10.1002/cbic.202200298","2022-08-25"
"10.1002/cbic.202200412","2022-08-26"
"10.1002/cbic.202200322","2022-08-26"
"10.1002/cbic.202200410","2022-08-30"
"10.1002/cbic.202200284","2022-08-30"
"10.1002/cbic.202200402","2022-08-31"
"10.1002/cbic.202200435","2022-09-01"
"10.1002/cbic.202200464","2022-09-04"
"10.1002/cbic.202200443","2022-09-05"
"10.1002/cbic.202200417","2022-09-06"
"10.1002/cbic.202200428","2022-09-06"
"10.1002/cbic.202200374","2022-09-06"
"10.1002/cbic.202200387","2022-09-08"
"10.1002/cbic.202200415","2022-09-08"
"10.1002/cbic.202200449","2022-09-09"
"10.1002/cbic.202200396","2022-09-09"
"10.1002/cbic.202200459","2022-09-12"
"10.1002/cbic.202200502","2022-09-13"
"10.1002/cbic.202200408","2022-09-13"
"10.1002/cbic.202200427","2022-09-15"
"10.1002/cbic.202200430","2022-09-15"
"10.1002/cbic.202200490","2022-09-16"
"10.1002/cbic.202200453","2022-09-20"
"10.1002/cbic.202200473","2022-09-20"
"10.1002/cbic.202200409","2022-09-21"
"10.1002/cbic.202200475","2022-09-22"
"10.1002/cbic.202200342","2022-09-22"
"10.1002/cbic.202200411","2022-09-23"
"10.1002/cbic.202200421","2022-09-23"
"10.1002/cbic.202200552","2022-09-26"
"10.1002/cbic.202200451","2022-09-26"
"10.1002/cbic.202200448","2022-09-26"
"10.1002/cbic.202200457","2022-09-26"
"10.1002/cbic.202200370","2022-09-26"
"10.1002/cbic.202200364","2022-09-26"
"10.1002/cbic.202200436","2022-09-26"
"10.1002/cbic.202200407","2022-09-27"
"10.1002/cbic.202200211","2022-09-29"
"10.1002/cbic.202200542","2022-09-29"
"10.1002/cbic.202200549","2022-09-29"
"10.1002/cbic.202200373","2022-09-29"
"10.1002/cbic.202200476","2022-09-29"
"10.1002/cbic.202200499","2022-09-29"
"10.1002/cbic.202200434","2022-09-30"
"10.1002/cbic.202200487","2022-09-30"
"10.1002/cbic.202200282","2022-10-04"
"10.1002/cbic.202200456","2022-10-04"
"10.1002/cbic.202200297","2022-10-05"
"10.1002/cbic.202200360","2022-10-06"
"10.1002/cbic.202200468","2022-10-06"
"10.1002/cbic.202200567","2022-10-06"
"10.1002/cbic.202200531","2022-10-11"
"10.1002/cbic.202200414","2022-10-11"
"10.1002/cbic.202200536","2022-10-11"
"10.1002/cbic.202200444","2022-10-11"
"10.1002/cbic.202200482","2022-10-12"
"10.1002/cbic.202200368","2022-10-13"
"10.1002/cbic.202200489","2022-10-13"
"10.1002/cbic.202200160","2022-10-13"
"10.1002/cbic.202200339","2022-10-17"
"10.1002/cbic.202200577","2022-10-17"
"10.1002/cbic.202200573","2022-10-17"
"10.1002/cbic.202200569","2022-10-19"
"10.1002/cbic.202200579","2022-10-19"
"10.1002/cbic.202200461","2022-10-20"
"10.1002/cbic.202200595","2022-10-21"
"10.1002/cbic.202200389","2022-10-22"
"10.1002/cbic.202200563","2022-10-24"
"10.1002/cbic.202200497","2022-10-24"
"10.1002/cbic.202200537","2022-10-24"
"10.1002/cbic.202200532","2022-10-25"
"10.1002/cbic.202200520","2022-10-25"
"10.1002/cbic.202200524","2022-10-26"
"10.1002/cbic.202200556","2022-10-26"
"10.1002/cbic.202200547","2022-10-26"
"10.1002/cbic.202200511","2022-10-26"
"10.1002/cbic.202200553","2022-10-27"
"10.1002/cbic.202200519","2022-10-31"
"10.1002/cbic.202200462","2022-10-31"
"10.1002/cbic.202200508","2022-11-02"
"10.1002/cbic.202200550","2022-11-02"
"10.1002/cbic.202200551","2022-11-03"
"10.1002/cbic.202200610","2022-11-03"
"10.1002/cbic.202200584","2022-11-04"
"10.1002/cbic.202200539","2022-11-04"
"10.1002/cbic.202200604","2022-11-04"
"10.1002/cbic.202200450","2022-11-06"
"10.1002/cbic.202200510","2022-11-07"
"10.1002/cbic.202200503","2022-11-07"
"10.1002/cbic.202200586","2022-11-07"
"10.1002/cbic.202200454","2022-11-07"
"10.1002/cbic.202200582","2022-11-08"
"10.1002/cbic.202200561","2022-11-08"
"10.1002/cbic.202200574","2022-11-09"
"10.1002/cbic.202200423","2022-11-10"
"10.1002/cbic.202200521","2022-11-10"
"10.1002/cbic.202200632","2022-11-10"
"10.1002/cbic.202200529","2022-11-10"
"10.1002/cbic.202200512","2022-11-10"
"10.1002/cbic.202200605","2022-11-10"
"10.1002/cbic.202200606","2022-11-10"
"10.1002/cbic.202200558","2022-11-14"
"10.1002/cbic.202200627","2022-11-14"
"10.1002/cbic.202200527","2022-11-14"
"10.1002/cbic.202200601","2022-11-15"
"10.1002/cbic.202200648","2022-11-15"
"10.1002/cbic.202200607","2022-11-16"
"10.1002/cbic.202200597","2022-11-16"
"10.1002/cbic.202200614","2022-11-16"
"10.1002/cbic.202200334","2022-11-17"
"10.1002/cbic.202200564","2022-11-17"
"10.1002/cbic.202200654","2022-11-18"
"10.1002/cbic.202200516","2022-11-18"
"10.1002/cbic.202200540","2022-11-18"
"10.1002/cbic.202200522","2022-11-21"
"10.1002/cbic.202200599","2022-11-21"
"10.1002/cbic.202200486","2022-11-21"
"10.1002/cbic.202200530","2022-11-22"
"10.1002/cbic.202200665","2022-11-22"
"10.1002/cbic.202200566","2022-11-23"
"10.1002/cbic.202200513","2022-11-24"
"10.1002/cbic.202200463","2022-11-24"
"10.1002/cbic.202200588","2022-11-29"
"10.1002/cbic.202200621","2022-11-29"
"10.1002/cbic.202200576","2022-11-30"
"10.1002/cbic.202200667","2022-11-30"
"10.1002/cbic.202200533","2022-11-30"
"10.1002/cbic.202200506","2022-11-30"
"10.1002/cbic.202200619","2022-12-01"
"10.1002/cbic.202200602","2022-12-01"
"10.1002/cbic.202200609","2022-12-01"
"10.1002/cbic.202200641","2022-12-02"
"10.1002/cbic.202200580","2022-12-05"
"10.1002/cbic.202200568","2022-12-05"
"10.1002/cbic.202200590","2022-12-05"
"10.1002/cbic.202200671","2022-12-07"
"10.1002/cbic.202200647","2022-12-08"
"10.1002/cbic.202200635","2022-12-09"
"10.1002/cbic.202200649","2022-12-12"
"10.1002/cbic.202200611","2022-12-12"
"10.1002/cbic.202200636","2022-12-12"
"10.1002/cbic.202200732","2022-12-12"
"10.1002/cbic.202200668","2022-12-13"
"10.1002/cbic.202200651","2022-12-13"
"10.1002/cbic.202200600","2022-12-13"
"10.1002/cbic.202200699","2022-12-14"
"10.1002/cbic.202200554","2022-12-15"
"10.1002/cbic.202200686","2022-12-19"
"10.1002/cbic.202200455","2022-12-20"
"10.1002/cbic.202200642","2022-12-22"
"10.1002/cbic.202200684","2022-12-22"
"10.1002/cbic.202200680","2022-12-23"
"10.1002/cbic.202200570","2022-12-25"
"10.1002/cbic.202200637","2022-12-28"
"10.1002/cbic.202200728","2022-12-29"
"10.1002/cbic.202200726","2023-01-02"
"10.1002/cbic.202200652","2023-01-02"
"10.1002/cbic.202200691","2023-01-02"
"10.1002/cbic.202200555","2023-01-03"
"10.1002/cbic.202200658","2023-01-03"
"10.1002/cbic.202200682","2023-01-03"
"10.1002/cbic.202200541","2023-01-04"
"10.1002/cbic.202200624","2023-01-04"
"10.1002/cbic.202200670","2023-01-05"
"10.1002/cbic.202300006","2023-01-05"
"10.1002/cbic.202200744","2023-01-09"
"10.1002/cbic.202200643","2023-01-09"
"10.1002/cbic.202200703","2023-01-09"
"10.1002/cbic.202200518","2023-01-10"
"10.1002/cbic.202200773","2023-01-13"
"10.1002/cbic.202300019","2023-01-14"
"10.1002/cbic.202200687","2023-01-14"
"10.1002/cbic.202200721","2023-01-15"
"10.1002/cbic.202200707","2023-01-15"
"10.1002/cbic.202200634","2023-01-16"
"10.1002/cbic.202200669","2023-01-18"
"10.1002/cbic.202200760","2023-01-18"
"10.1002/cbic.202200713","2023-01-18"
"10.1002/cbic.202300023","2023-01-19"
"10.1002/cbic.202300037","2023-01-20"
"10.1002/cbic.202200716","2023-01-24"
"10.1002/cbic.202200626","2023-01-26"
"10.1002/cbic.202200690","2023-01-27"
"10.1002/cbic.202200797","2023-01-30"
"10.1002/cbic.202200693","2023-01-30"
"10.1002/cbic.202200718","2023-01-30"
"10.1002/cbic.202200672","2023-01-31"
"10.1002/cbic.202300045","2023-01-31"
"10.1002/cbic.202300043","2023-01-31"
"10.1002/cbic.202300728","2023-02-01"
"10.1002/cbic.202200757","2023-02-02"
"10.1002/cbic.202300062","2023-02-02"
"10.1002/cbic.202200719","2023-02-03"
"10.1002/cbic.202200802","2023-02-03"
"10.1002/cbic.202200715","2023-02-06"
"10.1002/cbic.202200777","2023-02-06"
"10.1002/cbic.202200794","2023-02-07"
"10.1002/cbic.202300095","2023-02-08"
"10.1002/cbic.202200798","2023-02-08"
"10.1002/cbic.202200745","2023-02-10"
"10.1002/cbic.202300033","2023-02-10"
"10.1002/cbic.202200749","2023-02-13"
"10.1002/cbic.202200743","2023-02-13"
"10.1002/cbic.202200801","2023-02-13"
"10.1002/cbic.202300002","2023-02-13"
"10.1002/cbic.202200799","2023-02-14"
"10.1002/cbic.202300009","2023-02-15"
"10.1002/cbic.202200698","2023-02-15"
"10.1002/cbic.202200767","2023-02-16"
"10.1002/cbic.202200778","2023-02-17"
"10.1002/cbic.202300035","2023-02-18"
"10.1002/cbic.202300101","2023-02-21"
"10.1002/cbic.202200803","2023-02-22"
"10.1002/cbic.202300139","2023-02-23"
"10.1002/cbic.202300001","2023-02-23"
"10.1002/cbic.202300022","2023-02-23"
"10.1002/cbic.202200805","2023-02-24"
"10.1002/cbic.202300039","2023-02-28"
"10.1002/cbic.202300079","2023-02-28"
"10.1002/cbic.202300007","2023-02-28"
"10.1002/cbic.202300056","2023-02-28"
"10.1002/cbic.202200763","2023-03-01"
"10.1002/cbic.202200775","2023-03-01"
"10.1002/cbic.202300049","2023-03-01"
"10.1002/cbic.202300068","2023-03-01"
"10.1002/cbic.202300067","2023-03-02"
"10.1002/cbic.202300008","2023-03-02"
"10.1002/cbic.202300036","2023-03-03"
"10.1002/cbic.202200758","2023-03-03"
"10.1002/cbic.202300030","2023-03-03"
"10.1002/cbic.202300082","2023-03-07"
"10.1002/cbic.202200765","2023-03-08"
"10.1002/cbic.202200741","2023-03-09"
"10.1002/cbic.202300044","2023-03-09"
"10.1002/cbic.202300077","2023-03-09"
"10.1002/cbic.202200783","2023-03-09"
"10.1002/cbic.202200764","2023-03-09"
"10.1002/cbic.202200723","2023-03-09"
"10.1002/cbic.202200706","2023-03-09"
"10.1002/cbic.202200789","2023-03-10"
"10.1002/cbic.202300105","2023-03-10"
"10.1002/cbic.202200650","2023-03-10"
"10.1002/cbic.202300032","2023-03-14"
"10.1002/cbic.202300021","2023-03-14"
"10.1002/cbic.202200796","2023-03-14"
"10.1002/cbic.202200774","2023-03-14"
"10.1002/cbic.202300098","2023-03-14"
"10.1002/cbic.202200756","2023-03-14"
"10.1002/cbic.202200746","2023-03-15"
"10.1002/cbic.202300113","2023-03-15"
"10.1002/cbic.202200786","2023-03-15"
"10.1002/cbic.202200700","2023-03-15"
"10.1002/cbic.202200766","2023-03-15"
"10.1002/cbic.202300144","2023-03-16"
"10.1002/cbic.202300053","2023-03-16"
"10.1002/cbic.202200761","2023-03-19"
"10.1002/cbic.202200782","2023-03-19"
"10.1002/cbic.202300146","2023-03-20"
"10.1002/cbic.202300159","2023-03-21"
"10.1002/cbic.202300133","2023-03-21"
"10.1002/cbic.202300076","2023-03-21"
"10.1002/cbic.202300093","2023-03-21"
"10.1002/cbic.202300060","2023-03-21"
"10.1002/cbic.202300222","2023-03-21"
"10.1002/cbic.202200731","2023-03-21"
"10.1002/cbic.202200748","2023-03-22"
"10.1002/cbic.202300148","2023-03-22"
"10.1002/cbic.202200788","2023-03-22"
"10.1002/cbic.202200727","2023-03-22"
"10.1002/cbic.202300195","2023-03-22"
"10.1002/cbic.202200804","2023-03-23"
"10.1002/cbic.202300194","2023-03-24"
"10.1002/cbic.202300078","2023-03-25"
"10.1002/cbic.202300072","2023-03-25"
"10.1002/cbic.202300111","2023-03-25"
"10.1002/cbic.202300073","2023-03-27"
"10.1002/cbic.202300058","2023-03-29"
"10.1002/cbic.202300189","2023-03-29"
"10.1002/cbic.202300069","2023-03-29"
"10.1002/cbic.202300099","2023-03-31"
"10.1002/cbic.202200795","2023-04-02"
"10.1002/cbic.202300245","2023-04-03"
"10.1002/cbic.202300119","2023-04-03"
"10.1002/cbic.202200755","2023-04-03"
"10.1002/cbic.202300117","2023-04-04"
"10.1002/cbic.202200776","2023-04-04"
"10.1002/cbic.202300018","2023-04-05"
"10.1002/cbic.202300203","2023-04-05"
"10.1002/cbic.202300163","2023-04-05"
"10.1002/cbic.202300103","2023-04-06"
"10.1002/cbic.202300034","2023-04-11"
"10.1002/cbic.202300147","2023-04-11"
"10.1002/cbic.202300143","2023-04-12"
"10.1002/cbic.202300183","2023-04-12"
"10.1002/cbic.202300161","2023-04-12"
"10.1002/cbic.202300114","2023-04-12"
"10.1002/cbic.202300257","2023-04-12"
"10.1002/cbic.202200694","2023-04-12"
"10.1002/cbic.202300055","2023-04-12"
"10.1002/cbic.202300075","2023-04-13"
"10.1002/cbic.202300256","2023-04-13"
"10.1002/cbic.202300048","2023-04-13"
"10.1002/cbic.202300170","2023-04-14"
"10.1002/cbic.202300289","2023-04-14"
"10.1002/cbic.202300071","2023-04-14"
"10.1002/cbic.202300169","2023-04-14"
"10.1002/cbic.202300084","2023-04-17"
"10.1002/cbic.202300186","2023-04-17"
"10.1002/cbic.202300205","2023-04-17"
"10.1002/cbic.202300116","2023-04-17"
"10.1002/cbic.202300304","2023-04-18"
"10.1002/cbic.202300296","2023-04-18"
"10.1002/cbic.202300187","2023-04-18"
"10.1002/cbic.202300282","2023-04-18"
"10.1002/cbic.202300300","2023-04-20"
"10.1002/cbic.202200780","2023-04-20"
"10.1002/cbic.202300141","2023-04-23"
"10.1002/cbic.202300025","2023-04-24"
"10.1002/cbic.202300172","2023-04-24"
"10.1002/cbic.202300190","2023-04-24"
"10.1002/cbic.202300157","2023-04-25"
"10.1002/cbic.202300320","2023-04-25"
"10.1002/cbic.202300054","2023-04-26"
"10.1002/cbic.202300223","2023-04-26"
"10.1002/cbic.202300158","2023-04-27"
"10.1002/cbic.202300191","2023-04-29"
"10.1002/cbic.202300168","2023-05-02"
"10.1002/cbic.202300177","2023-05-03"
"10.1002/cbic.202300066","2023-05-03"
"10.1002/cbic.202300260","2023-05-03"
"10.1002/cbic.202300121","2023-05-04"
"10.1002/cbic.202300338","2023-05-04"
"10.1002/cbic.202300209","2023-05-05"
"10.1002/cbic.202300265","2023-05-05"
"10.1002/cbic.202300192","2023-05-07"
"10.1002/cbic.202300120","2023-05-07"
"10.1002/cbic.202300164","2023-05-08"
"10.1002/cbic.202300020","2023-05-08"
"10.1002/cbic.202300154","2023-05-09"
"10.1002/cbic.202300290","2023-05-11"
"10.1002/cbic.202300108","2023-05-11"
"10.1002/cbic.202300323","2023-05-11"
"10.1002/cbic.202300156","2023-05-12"
"10.1002/cbic.202300165","2023-05-12"
"10.1002/cbic.202300229","2023-05-12"
"10.1002/cbic.202300065","2023-05-12"
"10.1002/cbic.202300263","2023-05-12"
"10.1002/cbic.202300179","2023-05-12"
"10.1002/cbic.202300182","2023-05-14"
"10.1002/cbic.202300180","2023-05-15"
"10.1002/cbic.202300204","2023-05-15"
"10.1002/cbic.202300353","2023-05-15"
"10.1002/cbic.202300280","2023-05-15"
"10.1002/cbic.202300271","2023-05-16"
"10.1002/cbic.202300322","2023-05-16"
"10.1002/cbic.202300363","2023-05-16"
"10.1002/cbic.202300340","2023-05-16"
"10.1002/cbic.202300207","2023-05-16"
"10.1002/cbic.202300266","2023-05-17"
"10.1002/cbic.202300185","2023-05-17"
"10.1002/cbic.202300284","2023-05-17"
"10.1002/cbic.202300268","2023-05-18"
"10.1002/cbic.202300162","2023-05-21"
"10.1002/cbic.202300270","2023-05-22"
"10.1002/cbic.202300321","2023-05-22"
"10.1002/cbic.202300366","2023-05-23"
"10.1002/cbic.202300149","2023-05-23"
"10.1002/cbic.202300365","2023-05-24"
"10.1002/cbic.202200578","2023-05-24"
"10.1002/cbic.202300376","2023-05-24"
"10.1002/cbic.202300384","2023-05-24"
"10.1002/cbic.202300380","2023-05-26"
"10.1002/cbic.202300253","2023-05-26"
"10.1002/cbic.202300221","2023-05-26"
"10.1002/cbic.202300388","2023-05-30"
"10.1002/cbic.202300234","2023-05-30"
"10.1002/cbic.202300334","2023-05-30"
"10.1002/cbic.202300233","2023-05-30"
"10.1002/cbic.202200572","2023-05-30"
"10.1002/cbic.202300240","2023-05-31"
"10.1002/cbic.202300398","2023-05-31"
"10.1002/cbic.202300305","2023-06-01"
"10.1002/cbic.202300389","2023-06-01"
"10.1002/cbic.202300396","2023-06-01"
"10.1002/cbic.202300254","2023-06-08"
"10.1002/cbic.202300382","2023-06-12"
"10.1002/cbic.202300423","2023-06-13"
"10.1002/cbic.202300313","2023-06-13"
"10.1002/cbic.202300228","2023-06-14"
"10.1002/cbic.202300291","2023-06-15"
"10.1002/cbic.202300372","2023-06-20"
"10.1002/cbic.202300132","2023-06-21"
"10.1002/cbic.202300445","2023-06-21"
"10.1002/cbic.202300258","2023-06-21"
"10.1002/cbic.202300155","2023-06-21"
"10.1002/cbic.202300354","2023-06-22"
"10.1002/cbic.202300178","2023-06-22"
"10.1002/cbic.202300342","2023-06-26"
"10.1002/cbic.202300379","2023-06-26"
"10.1002/cbic.202300425","2023-06-27"
"10.1002/cbic.202300238","2023-06-27"
"10.1002/cbic.202300348","2023-06-28"
"10.1002/cbic.202300206","2023-06-28"
"10.1002/cbic.202300264","2023-06-29"
"10.1002/cbic.202300406","2023-06-29"
"10.1002/cbic.202300370","2023-06-30"
"10.1002/cbic.202300250","2023-06-30"
"10.1002/cbic.202300433","2023-07-03"
"10.1002/cbic.202300292","2023-07-04"
"10.1002/cbic.202300466","2023-07-04"
"10.1002/cbic.202300122","2023-07-04"
"10.1002/cbic.202300333","2023-07-04"
"10.1002/cbic.202300357","2023-07-04"
"10.1002/cbic.202300368","2023-07-05"
"10.1002/cbic.202300482","2023-07-07"
"10.1002/cbic.202300351","2023-07-07"
"10.1002/cbic.202300358","2023-07-09"
"10.1002/cbic.202300374","2023-07-10"
"10.1002/cbic.202300369","2023-07-12"
"10.1002/cbic.202300362","2023-07-12"
"10.1002/cbic.202300456","2023-07-13"
"10.1002/cbic.202300497","2023-07-13"
"10.1002/cbic.202300017","2023-07-13"
"10.1002/cbic.202300392","2023-07-14"
"10.1002/cbic.202300390","2023-07-16"
"10.1002/cbic.202300449","2023-07-17"
"10.1002/cbic.202300286","2023-07-18"
"10.1002/cbic.202300422","2023-07-18"
"10.1002/cbic.202300461","2023-07-18"
"10.1002/cbic.202300420","2023-07-18"
"10.1002/cbic.202300110","2023-07-19"
"10.1002/cbic.202300424","2023-07-20"
"10.1002/cbic.202300347","2023-07-20"
"10.1002/cbic.202300395","2023-07-23"
"10.1002/cbic.202300104","2023-07-24"
"10.1002/cbic.202300442","2023-07-25"
"10.1002/cbic.202300522","2023-07-25"
"10.1002/cbic.202300477","2023-07-25"
"10.1002/cbic.202300525","2023-07-25"
"10.1002/cbic.202300413","2023-07-26"
"10.1002/cbic.202300455","2023-07-27"
"10.1002/cbic.202300328","2023-07-27"
"10.1002/cbic.202300454","2023-07-27"
"10.1002/cbic.202300319","2023-07-27"
"10.1002/cbic.202300408","2023-07-28"
"10.1002/cbic.202300400","2023-07-30"
"10.1002/cbic.202300439","2023-08-01"
"10.1002/cbic.202300467","2023-08-01"
"10.1002/cbic.202300472","2023-08-02"
"10.1002/cbic.202300414","2023-08-02"
"10.1002/cbic.202300094","2023-08-07"
"10.1002/cbic.202300331","2023-08-07"
"10.1002/cbic.202300356","2023-08-07"
"10.1002/cbic.202300478","2023-08-07"
"10.1002/cbic.202300473","2023-08-08"
"10.1002/cbic.202300415","2023-08-08"
"10.1002/cbic.202300538","2023-08-09"
"10.1002/cbic.202300535","2023-08-09"
"10.1002/cbic.202300412","2023-08-09"
"10.1002/cbic.202300261","2023-08-09"
"10.1002/cbic.202300301","2023-08-14"
"10.1002/cbic.202300463","2023-08-14"
"10.1002/cbic.202300490","2023-08-15"
"10.1002/cbic.202300453","2023-08-16"
"10.1002/cbic.202300247","2023-08-18"
"10.1002/cbic.202300518","2023-08-21"
"10.1002/cbic.202300444","2023-08-22"
"10.1002/cbic.202300513","2023-08-23"
"10.1002/cbic.202300511","2023-08-23"
"10.1002/cbic.202300540","2023-08-24"
"10.1002/cbic.202300386","2023-08-24"
"10.1002/cbic.202300504","2023-08-25"
"10.1002/cbic.202300498","2023-08-25"
"10.1002/cbic.202300373","2023-08-28"
"10.1002/cbic.202300346","2023-08-29"
"10.1002/cbic.202300537","2023-08-31"
"10.1002/cbic.202300544","2023-09-04"
"10.1002/cbic.202300309","2023-09-05"
"10.1002/cbic.202300302","2023-09-05"
"10.1002/cbic.202300330","2023-09-06"
"10.1002/cbic.202300418","2023-09-06"
"10.1002/cbic.202300460","2023-09-07"
"10.1002/cbic.202300506","2023-09-07"
"10.1002/cbic.202300503","2023-09-07"
"10.1002/cbic.202300361","2023-09-08"
"10.1002/cbic.202300441","2023-09-10"
"10.1002/cbic.202300571","2023-09-11"
"10.1002/cbic.202300612","2023-09-13"
"10.1002/cbic.202300611","2023-09-13"
"10.1002/cbic.202300502","2023-09-14"
"10.1002/cbic.202300401","2023-09-14"
"10.1002/cbic.202300618","2023-09-15"
"10.1002/cbic.202300543","2023-09-15"
"10.1002/cbic.202300480","2023-09-16"
"10.1002/cbic.202300391","2023-09-17"
"10.1002/cbic.202300549","2023-09-20"
"10.1002/cbic.202300570","2023-09-20"
"10.1002/cbic.202300582","2023-09-20"
"10.1002/cbic.202300552","2023-09-20"
"10.1002/cbic.202300514","2023-09-22"
"10.1002/cbic.202300565","2023-09-22"
"10.1002/cbic.202300576","2023-09-24"
"10.1002/cbic.202300542","2023-09-24"
"10.1002/cbic.202300501","2023-09-24"
"10.1002/cbic.202300581","2023-09-25"
"10.1002/cbic.202300566","2023-09-25"
"10.1002/cbic.202300584","2023-09-25"
"10.1002/cbic.202300493","2023-09-25"
"10.1002/cbic.202300510","2023-09-25"
"10.1002/cbic.202300556","2023-09-25"
"10.1002/cbic.202300594","2023-09-26"
"10.1002/cbic.202300496","2023-09-26"
"10.1002/cbic.202300371","2023-09-27"
"10.1002/cbic.202300431","2023-09-28"
"10.1002/cbic.202300555","2023-09-28"
"10.1002/cbic.202300561","2023-10-01"
"10.1002/cbic.202300438","2023-10-02"
"10.1002/cbic.202300421","2023-10-02"
"10.1002/cbic.202300587","2023-10-02"
"10.1002/cbic.202300554","2023-10-04"
"10.1002/cbic.202300585","2023-10-04"
"10.1002/cbic.202300588","2023-10-06"
"10.1002/cbic.202300474","2023-10-06"
"10.1002/cbic.202300410","2023-10-06"
"10.1002/cbic.202300470","2023-10-06"
"10.1002/cbic.202300464","2023-10-06"
"10.1002/cbic.202300680","2023-10-07"
"10.1002/cbic.202300515","2023-10-08"
"10.1002/cbic.202300688","2023-10-10"
"10.1002/cbic.202300136","2023-10-10"
"10.1002/cbic.202300595","2023-10-10"
"10.1002/cbic.202300625","2023-10-13"
"10.1002/cbic.202300539","2023-10-13"
"10.1002/cbic.202300606","2023-10-14"
"10.1002/cbic.202300526","2023-10-15"
"10.1002/cbic.202300692","2023-10-16"
"10.1002/cbic.202300628","2023-10-18"
"10.1002/cbic.202300600","2023-10-18"
"10.1002/cbic.202300551","2023-10-19"
"10.1002/cbic.202300701","2023-10-20"
"10.1002/cbic.202300572","2023-10-20"
"10.1002/cbic.202300579","2023-10-23"
"10.1002/cbic.202300637","2023-10-23"
"10.1002/cbic.202300459","2023-10-23"
"10.1002/cbic.202300550","2023-10-24"
"10.1002/cbic.202300577","2023-10-24"
"10.1002/cbic.202300440","2023-10-24"
"10.1002/cbic.202300730","2023-10-25"
"10.1002/cbic.202300609","2023-10-25"
"10.1002/cbic.202300698","2023-10-27"
"10.1002/cbic.202300636","2023-10-30"
"10.1002/cbic.202300649","2023-10-31"
"10.1002/cbic.202300590","2023-10-31"
"10.1002/cbic.202300599","2023-11-01"
"10.1002/cbic.202300700","2023-11-02"
"10.1002/cbic.202300732","2023-11-02"
"10.1002/cbic.202300652","2023-11-03"
"10.1002/cbic.202300527","2023-11-05"
"10.1002/cbic.202300631","2023-11-06"
"10.1002/cbic.202300761","2023-11-07"
"10.1002/cbic.202300593","2023-11-07"
"10.1002/cbic.202300603","2023-11-07"
"10.1002/cbic.202300658","2023-11-09"
"10.1002/cbic.202300659","2023-11-09"
"10.1002/cbic.202300752","2023-11-09"
"10.1002/cbic.202300750","2023-11-09"
"10.1002/cbic.202300642","2023-11-10"
"10.1002/cbic.202300627","2023-11-10"
"10.1002/cbic.202300409","2023-11-10"
"10.1002/cbic.202300751","2023-11-13"
"10.1002/cbic.202300633","2023-11-13"
"10.1002/cbic.202300578","2023-11-13"
"10.1002/cbic.202300575","2023-11-14"
"10.1002/cbic.202300749","2023-11-14"
"10.1002/cbic.202300560","2023-11-15"
"10.1002/cbic.202300764","2023-11-15"
"10.1002/cbic.202300638","2023-11-16"
"10.1002/cbic.202300670","2023-11-20"
"10.1002/cbic.202300597","2023-11-20"
"10.1002/cbic.202300648","2023-11-20"
"10.1002/cbic.202300645","2023-11-20"
"10.1002/cbic.202300743","2023-11-20"
"10.1002/cbic.202300608","2023-11-21"
"10.1002/cbic.202300716","2023-11-22"
"10.1002/cbic.202300650","2023-11-23"
"10.1002/cbic.202300475","2023-11-23"
"10.1002/cbic.202300673","2023-11-23"
"10.1002/cbic.202300481","2023-11-27"
"10.1002/cbic.202300678","2023-11-28"
"10.1002/cbic.202300712","2023-11-28"
"10.1002/cbic.202300754","2023-11-29"
"10.1002/cbic.202300683","2023-11-29"
"10.1002/cbic.202300731","2023-11-30"
"10.1002/cbic.202300783","2023-12-01"
"10.1002/cbic.202300592","2023-12-04"
"10.1002/cbic.202300739","2023-12-05"
"10.1002/cbic.202300672","2023-12-05"
"10.1002/cbic.202300671","2023-12-06"
"10.1002/cbic.202300744","2023-12-06"
"10.1002/cbic.202300626","2023-12-07"
"10.1002/cbic.202300699","2023-12-07"
"10.1002/cbic.202300760","2023-12-08"
"10.1002/cbic.202300596","2023-12-11"
"10.1002/cbic.202300717","2023-12-11"
"10.1002/cbic.202300746","2023-12-11"
"10.1002/cbic.202300795","2023-12-12"
"10.1002/cbic.202300723","2023-12-13"
"10.1002/cbic.202300653","2023-12-14"
"10.1002/cbic.202300727","2023-12-15"
"10.1002/cbic.202300485","2023-12-16"
"10.1002/cbic.202300781","2023-12-20"
"10.1002/cbic.202300685","2023-12-20"
"10.1002/cbic.202300770","2023-12-20"
"10.1002/cbic.202300784","2023-12-20"
"10.1002/cbic.202300849","2023-12-20"
"10.1002/cbic.202300715","2023-12-21"
"10.1002/cbic.202300786","2023-12-21"
"10.1002/cbic.202300738","2023-12-23"
"10.1002/cbic.202300696","2023-12-26"
"10.1002/cbic.202300818","2023-12-27"
"10.1002/cbic.202300799","2023-12-28"
"10.1002/cbic.202300840","2024-01-02"
"10.1002/cbic.202300798","2024-01-03"
"10.1002/cbic.202300843","2024-01-03"
"10.1002/cbic.202300870","2024-01-05"
"10.1002/cbic.202300656","2024-01-05"
"10.1002/cbic.202300747","2024-01-08"
"10.1002/cbic.202300736","2024-01-09"
"10.1002/cbic.202300857","2024-01-11"
"10.1002/cbic.202300809","2024-01-11"
"10.1002/cbic.202300679","2024-01-11"
"10.1002/cbic.202300832","2024-01-14"
"10.1002/cbic.202300661","2024-01-15"
"10.1002/cbic.202300796","2024-01-15"
"10.1002/cbic.202300721","2024-01-16"
"10.1002/cbic.202300829","2024-01-16"
"10.1002/cbic.202300813","2024-01-16"
"10.1002/cbic.202300755","2024-01-16"
"10.1002/cbic.202300860","2024-01-17"
"10.1002/cbic.202300797","2024-01-18"
"10.1002/cbic.202300828","2024-01-18"
"10.1002/cbic.202300722","2024-01-18"
"10.1002/cbic.202300748","2024-01-19"
"10.1002/cbic.202300790","2024-01-19"
