10.1002/ejoc.202000705,2020-06-23T12:00:00-07:00
10.1002/ejoc.202000540,2020-07-15T01:54:34-07:00
10.1002/ejoc.202000923,2020-07-16T04:00:34-07:00
10.1002/ejoc.202000608,2020-07-17T02:48:27-07:00
10.1002/ejoc.202000789,2020-07-17T03:44:02-07:00
10.1002/ejoc.202000714,2020-07-20T12:00:00-07:00
10.1002/ejoc.202000695,2020-07-20T12:00:00-07:00
10.1002/ejoc.202000886,2020-07-20T12:00:00-07:00
10.1002/ejoc.202000287,2020-07-20T02:04:54-07:00
10.1002/ejoc.202000830,2020-07-20T02:39:06-07:00
10.1002/ejoc.202000845,2020-07-20T02:39:07-07:00
10.1002/ejoc.202000744,2020-07-20T02:48:53-07:00
10.1002/ejoc.202000659,2020-07-20T03:15:28-07:00
10.1002/ejoc.202000359,2020-07-20T03:20:25-07:00
10.1002/ejoc.202000871,2020-07-20T07:40:20-07:00
10.1002/ejoc.202000870,2020-07-20T10:12:04-07:00
10.1002/ejoc.202000752,2020-07-21T12:00:00-07:00
10.1002/ejoc.202000831,2020-07-21T04:39:18-07:00
10.1002/ejoc.202000667,2020-07-21T04:44:58-07:00
10.1002/ejoc.202000997,2020-07-22T02:09:24-07:00
10.1002/ejoc.202000939,2020-07-22T08:38:53-07:00
10.1002/ejoc.202000305,2020-07-23T04:58:34-07:00
10.1002/ejoc.202000781,2020-07-23T05:07:24-07:00
10.1002/ejoc.202000802,2020-07-23T05:14:21-07:00
10.1002/ejoc.202000880,2020-07-23T06:25:57-07:00
10.1002/ejoc.202000816,2020-07-23T06:26:11-07:00
10.1002/ejoc.202000807,2020-07-23T06:26:49-07:00
10.1002/ejoc.202000803,2020-07-23T06:45:25-07:00
10.1002/ejoc.202000966,2020-07-23T08:14:00-07:00
10.1002/ejoc.202000815,2020-07-23T09:11:25-07:00
10.1002/ejoc.202000989,2020-07-23T06:45:26-07:00
10.1002/ejoc.202000771,2020-07-24T02:10:52-07:00
10.1002/ejoc.202000981,2020-07-24T03:46:24-07:00
10.1002/ejoc.202000850,2020-07-24T04:14:23-07:00
10.1002/ejoc.202000769,2020-07-27T02:17:46-07:00
10.1002/ejoc.202000660,2020-07-27T02:19:44-07:00
10.1002/ejoc.202000837,2020-07-27T02:19:56-07:00
10.1002/ejoc.202000720,2020-07-27T09:26:33-07:00
10.1002/ejoc.202000963,2020-07-27T11:28:26-07:00
10.1002/ejoc.202000933,2020-07-27T11:54:48-07:00
10.1002/ejoc.202000889,2020-07-28T08:29:20-07:00
10.1002/ejoc.202000822,2020-07-28T11:58:36-07:00
10.1002/ejoc.202000860,2020-07-29T12:00:00-07:00
10.1002/ejoc.202000480,2020-07-29T12:00:00-07:00
10.1002/ejoc.202000840,2020-07-29T02:10:31-07:00
10.1002/ejoc.202000686,2020-07-29T02:11:46-07:00
10.1002/ejoc.202000938,2020-07-29T02:13:08-07:00
10.1002/ejoc.202000469,2020-07-29T02:13:26-07:00
10.1002/ejoc.202000785,2020-07-29T05:30:17-07:00
10.1002/ejoc.202000846,2020-07-29T05:54:05-07:00
10.1002/ejoc.202000915,2020-07-29T06:55:16-07:00
10.1002/ejoc.202000832,2020-07-29T06:59:30-07:00
10.1002/ejoc.202000856,2020-07-29T07:05:15-07:00
10.1002/ejoc.202000874,2020-07-29T08:30:18-07:00
10.1002/ejoc.202000623,2020-07-30T07:04:47-07:00
10.1002/ejoc.202000794,2020-07-31T03:16:02-07:00
10.1002/ejoc.202000818,2020-07-31T03:22:50-07:00
10.1002/ejoc.202000887,2020-07-31T11:34:17-07:00
10.1002/ejoc.202000858,2020-08-03T12:00:00-07:00
10.1002/ejoc.202000917,2020-08-03T12:00:00-07:00
10.1002/ejoc.202000925,2020-08-03T12:00:00-07:00
10.1002/ejoc.202000851,2020-08-03T12:00:00-07:00
10.1002/ejoc.202001027,2020-08-03T03:25:18-07:00
10.1002/ejoc.202000833,2020-08-03T04:19:36-07:00
10.1002/ejoc.202000957,2020-08-03T10:24:48-07:00
10.1002/ejoc.202000834,2020-08-04T02:59:01-07:00
10.1002/ejoc.202000841,2020-08-04T03:57:10-07:00
10.1002/ejoc.202000688,2020-08-04T03:58:24-07:00
10.1002/ejoc.202000914,2020-08-04T06:57:16-07:00
10.1002/ejoc.202000959,2020-08-06T06:16:42-07:00
10.1002/ejoc.202000993,2020-08-06T11:41:06-07:00
10.1002/ejoc.202000893,2020-08-07T12:56:25-07:00
10.1002/ejoc.202000791,2020-08-07T01:01:33-07:00
10.1002/ejoc.202000839,2020-08-07T01:02:23-07:00
10.1002/ejoc.202000952,2020-08-07T03:09:56-07:00
10.1002/ejoc.202000790,2020-08-07T09:05:20-07:00
10.1002/ejoc.202001007,2020-08-09T07:14:49-07:00
10.1002/ejoc.202000684,2020-08-09T09:42:31-07:00
10.1002/ejoc.202000525,2020-08-09T11:50:55-07:00
10.1002/ejoc.202000970,2020-08-10T12:00:00-07:00
10.1002/ejoc.202000811,2020-08-10T12:00:00-07:00
10.1002/ejoc.202000916,2020-08-10T12:00:00-07:00
10.1002/ejoc.202000749,2020-08-10T12:00:00-07:00
10.1002/ejoc.202000748,2020-08-10T12:00:00-07:00
10.1002/ejoc.202000441,2020-08-10T12:00:00-07:00
10.1002/ejoc.202000424,2020-08-10T12:00:00-07:00
10.1002/ejoc.202000762,2020-08-10T12:00:00-07:00
10.1002/ejoc.202000080,2020-08-10T12:00:00-07:00
10.1002/ejoc.202000403,2020-08-10T12:00:00-07:00
10.1002/ejoc.202000155,2020-08-10T12:00:00-07:00
10.1002/ejoc.202001038,2020-08-10T12:00:00-07:00
10.1002/ejoc.202001037,2020-08-10T12:00:00-07:00
10.1002/ejoc.202000750,2020-08-10T12:00:00-07:00
10.1002/ejoc.202000728,2020-08-10T12:00:00-07:00
10.1002/ejoc.202000725,2020-08-10T12:00:00-07:00
10.1002/ejoc.202000724,2020-08-10T12:00:00-07:00
10.1002/ejoc.202000723,2020-08-10T12:00:00-07:00
10.1002/ejoc.202000530,2020-08-10T12:00:00-07:00
10.1002/ejoc.202000342,2020-08-10T12:00:00-07:00
10.1002/ejoc.202000631,2020-08-10T12:00:00-07:00
10.1002/ejoc.202000680,2020-08-10T12:00:00-07:00
10.1002/ejoc.202000737,2020-08-10T12:00:00-07:00
10.1002/ejoc.202000736,2020-08-10T12:00:00-07:00
10.1002/ejoc.202000733,2020-08-10T12:00:00-07:00
10.1002/ejoc.202000768,2020-08-10T12:00:00-07:00
10.1002/ejoc.202000829,2020-08-10T07:22:22-07:00
10.1002/ejoc.202001016,2020-08-10T06:45:21-07:00
10.1002/ejoc.202000853,2020-08-10T10:58:22-07:00
10.1002/ejoc.202000950,2020-08-11T12:00:00-07:00
10.1002/ejoc.202000820,2020-08-11T12:44:30-07:00
10.1002/ejoc.202000849,2020-08-11T01:54:23-07:00
10.1002/ejoc.202000722,2020-08-11T02:18:59-07:00
10.1002/ejoc.202000364,2020-08-11T02:58:47-07:00
10.1002/ejoc.202000665,2020-08-11T03:00:53-07:00
10.1002/ejoc.202000678,2020-08-11T03:09:17-07:00
10.1002/ejoc.202000838,2020-08-11T09:15:34-07:00
10.1002/ejoc.202000782,2020-08-11T09:16:56-07:00
10.1002/ejoc.202000795,2020-08-12T03:43:39-07:00
10.1002/ejoc.202000972,2020-08-12T06:20:38-07:00
10.1002/ejoc.202000780,2020-08-12T08:40:36-07:00
10.1002/ejoc.202000843,2020-08-12T08:41:07-07:00
10.1002/ejoc.202000979,2020-08-12T08:41:36-07:00
10.1002/ejoc.202000942,2020-08-12T08:43:53-07:00
10.1002/ejoc.202001004,2020-08-12T09:25:55-07:00
10.1002/ejoc.202001071,2020-08-13T12:00:00-07:00
10.1002/ejoc.202000906,2020-08-13T05:19:43-07:00
10.1002/ejoc.202000875,2020-08-13T06:22:54-07:00
10.1002/ejoc.202000998,2020-08-13T06:23:37-07:00
10.1002/ejoc.202000978,2020-08-14T12:00:00-07:00
10.1002/ejoc.202000879,2020-08-14T02:53:00-07:00
10.1002/ejoc.202001003,2020-08-14T02:53:01-07:00
10.1002/ejoc.202001028,2020-08-14T02:53:07-07:00
10.1002/ejoc.202000767,2020-08-14T02:53:30-07:00
10.1002/ejoc.202000876,2020-08-14T02:53:37-07:00
10.1002/ejoc.202001025,2020-08-14T04:28:45-07:00
10.1002/ejoc.202000835,2020-08-14T08:00:28-07:00
10.1002/ejoc.202000976,2020-08-14T06:58:51-07:00
10.1002/ejoc.202000774,2020-08-16T07:14:25-07:00
10.1002/ejoc.202000529,2020-06-15T05:09:54-07:00
10.1002/ejoc.202000518,2020-06-18T02:33:58-07:00
10.1002/ejoc.202000541,2020-06-22T02:04:46-07:00
10.1002/ejoc.202000356,2020-06-22T03:59:20-07:00
10.1002/ejoc.202000596,2020-06-25T03:37:40-07:00
10.1002/ejoc.202000603,2020-06-26T03:55:37-07:00
10.1002/ejoc.202000459,2020-07-07T02:50:57-07:00
10.1002/ejoc.202000697,2020-07-07T02:50:57-07:00
10.1002/ejoc.202000340,2020-07-10T01:43:44-07:00
10.1002/ejoc.202000298,2020-07-13T05:04:51-07:00
10.1002/ejoc.202000711,2020-07-16T01:38:11-07:00
10.1002/ejoc.202000738,2020-07-16T02:34:01-07:00
10.1002/ejoc.202000746,2020-07-16T02:34:03-07:00
10.1002/ejoc.202000570,2020-07-17T02:46:28-07:00
10.1002/ejoc.202000823,2020-08-17T12:48:07-07:00
10.1002/ejoc.202001094,2020-08-17T12:55:18-07:00
10.1002/ejoc.202000610,2020-08-17T12:55:28-07:00
10.1002/ejoc.202000821,2020-08-17T12:55:39-07:00
10.1002/ejoc.202000416,2020-08-17T12:56:20-07:00
10.1002/ejoc.202000386,2020-08-17T12:56:22-07:00
10.1002/ejoc.202001093,2020-08-17T12:58:21-07:00
10.1002/ejoc.202000919,2020-08-17T02:30:11-07:00
10.1002/ejoc.202000977,2020-08-17T11:04:04-07:00
10.1002/ejoc.202000962,2020-08-18T05:34:46-07:00
10.1002/ejoc.202000396,2020-08-18T07:08:43-07:00
10.1002/ejoc.202001058,2020-08-18T10:00:16-07:00
10.1002/ejoc.202001039,2020-08-18T12:58:35-07:00
10.1002/ejoc.201901784,2020-08-18T10:01:24-07:00
10.1002/ejoc.202001095,2020-08-19T06:40:54-07:00
10.1002/ejoc.202001096,2020-08-19T06:45:20-07:00
10.1002/ejoc.202001063,2020-08-19T07:04:55-07:00
10.1002/ejoc.202001057,2020-08-19T08:33:46-07:00
10.1002/ejoc.202000954,2020-08-19T10:05:38-07:00
10.1002/ejoc.202001041,2020-08-20T07:22:14-07:00
10.1002/ejoc.202000586,2020-08-20T07:22:43-07:00
10.1002/ejoc.202001029,2020-08-20T07:23:40-07:00
10.1002/ejoc.202000971,2020-08-21T03:15:07-07:00
10.1002/ejoc.202000980,2020-08-21T06:16:25-07:00
10.1002/ejoc.202001018,2020-08-21T07:44:03-07:00
10.1002/ejoc.202000470,2020-08-24T07:19:35-07:00
10.1002/ejoc.202000391,2020-08-24T07:19:58-07:00
10.1002/ejoc.202000587,2020-08-24T07:20:27-07:00
10.1002/ejoc.202000255,2020-08-24T07:20:48-07:00
10.1002/ejoc.202000958,2020-08-25T10:46:44-07:00
10.1002/ejoc.202001091,2020-08-26T12:20:27-07:00
10.1002/ejoc.202001097,2020-08-26T08:48:24-07:00
10.1002/ejoc.202000911,2020-08-26T09:43:07-07:00
10.1002/ejoc.202000956,2020-08-26T10:24:46-07:00
10.1002/ejoc.202001077,2020-08-27T12:00:00-07:00
10.1002/ejoc.202001148,2020-08-27T01:50:23-07:00
10.1002/ejoc.202001150,2020-08-27T01:50:55-07:00
10.1002/ejoc.202001151,2020-08-27T01:51:07-07:00
10.1002/ejoc.202001149,2020-08-27T01:52:16-07:00
10.1002/ejoc.202000761,2020-08-28T01:48:27-07:00
10.1002/ejoc.202000609,2020-08-28T01:48:28-07:00
10.1002/ejoc.202001019,2020-08-31T11:48:15-07:00
10.1002/ejoc.202001073,2020-08-31T12:18:20-07:00
10.1002/ejoc.202000852,2020-08-31T10:54:03-07:00
10.1002/ejoc.202000315,2020-09-01T01:00:24-07:00
10.1002/ejoc.202000430,2020-09-01T01:01:18-07:00
10.1002/ejoc.202000143,2020-09-01T01:04:56-07:00
10.1002/ejoc.202000512,2020-09-01T01:07:53-07:00
10.1002/ejoc.202001050,2020-09-01T03:25:20-07:00
10.1002/ejoc.202000999,2020-09-01T03:26:15-07:00
10.1002/ejoc.202000900,2020-09-01T04:55:27-07:00
10.1002/ejoc.202001061,2020-09-01T09:25:02-07:00
10.1002/ejoc.202000929,2020-09-02T04:59:57-07:00
10.1002/ejoc.202000945,2020-09-02T07:59:02-07:00
10.1002/ejoc.202001022,2020-09-02T08:02:20-07:00
10.1002/ejoc.202000745,2020-09-02T06:58:13-07:00
10.1002/ejoc.202001002,2020-09-02T11:46:39-07:00
10.1002/ejoc.202000936,2020-09-03T12:46:13-07:00
10.1002/ejoc.202001175,2020-09-03T12:59:03-07:00
10.1002/ejoc.202001186,2020-09-03T09:16:08-07:00
10.1002/ejoc.202001189,2020-09-03T09:16:18-07:00
10.1002/ejoc.202001187,2020-09-03T09:16:23-07:00
10.1002/ejoc.202001188,2020-09-03T09:17:35-07:00
10.1002/ejoc.202001065,2020-09-04T03:34:03-07:00
10.1002/ejoc.202001098,2020-09-04T05:34:15-07:00
10.1002/ejoc.202001080,2020-09-05T12:00:00-07:00
10.1002/ejoc.202001072,2020-09-05T06:31:44-07:00
10.1002/ejoc.202001160,2020-09-07T10:50:37-07:00
10.1002/ejoc.202000813,2020-09-08T05:25:01-07:00
10.1002/ejoc.202001046,2020-09-08T05:33:26-07:00
10.1002/ejoc.202001087,2020-09-08T07:03:52-07:00
10.1002/ejoc.202001049,2020-09-08T08:03:55-07:00
10.1002/ejoc.202001165,2020-09-09T12:00:00-07:00
10.1002/ejoc.202001217,2020-09-09T12:00:00-07:00
10.1002/ejoc.202001138,2020-09-09T05:49:32-07:00
10.1002/ejoc.202001130,2020-09-10T08:29:25-07:00
10.1002/ejoc.202001005,2020-09-11T05:00:09-07:00
10.1002/ejoc.202001126,2020-09-11T07:59:55-07:00
10.1002/ejoc.202000890,2020-09-14T07:00:50-07:00
10.1002/ejoc.202001100,2020-09-15T03:00:53-07:00
10.1002/ejoc.202001009,2020-09-15T06:41:34-07:00
10.1002/ejoc.202001140,2020-09-15T07:16:05-07:00
10.1002/ejoc.202000996,2020-09-15T07:17:08-07:00
10.1002/ejoc.202000941,2020-09-15T07:48:55-07:00
10.1002/ejoc.202001216,2020-09-15T11:34:44-07:00
10.1002/ejoc.202001053,2020-09-16T04:01:04-07:00
10.1002/ejoc.202001147,2020-09-17T12:00:00-07:00
10.1002/ejoc.202001111,2020-09-17T02:32:54-07:00
10.1002/ejoc.202001059,2020-09-20T07:31:56-07:00
10.1002/ejoc.202001137,2020-09-21T06:57:26-07:00
10.1002/ejoc.202001128,2020-09-21T07:55:15-07:00
10.1002/ejoc.202001085,2020-09-22T02:36:08-07:00
10.1002/ejoc.202001190,2020-09-22T08:29:28-07:00
10.1002/ejoc.202000428,2020-06-05T01:40:14-07:00
10.1002/ejoc.202000513,2020-06-05T03:40:04-07:00
10.1002/ejoc.202000432,2020-06-05T05:43:13-07:00
10.1002/ejoc.202001249,2020-09-24T07:23:41-07:00
10.1002/ejoc.202001250,2020-09-24T07:24:55-07:00
10.1002/ejoc.202000931,2020-09-24T10:55:33-07:00
10.1002/ejoc.202001180,2020-09-24T11:47:55-07:00
10.1002/ejoc.202001032,2020-09-24T11:52:15-07:00
10.1002/ejoc.202001171,2020-09-25T01:09:53-07:00
10.1002/ejoc.202001042,2020-09-25T03:24:23-07:00
10.1002/ejoc.202001208,2020-09-28T05:44:56-07:00
10.1002/ejoc.202001201,2020-09-28T06:36:54-07:00
10.1002/ejoc.202001281,2020-09-28T07:55:59-07:00
10.1002/ejoc.202001252,2020-09-28T08:38:50-07:00
10.1002/ejoc.202001251,2020-09-28T08:41:07-07:00
10.1002/ejoc.202001142,2020-09-28T12:39:49-07:00
10.1002/ejoc.202001203,2020-09-29T04:11:32-07:00
10.1002/ejoc.202000934,2020-09-29T05:40:01-07:00
10.1002/ejoc.202001008,2020-09-29T07:42:12-07:00
10.1002/ejoc.202000973,2020-09-29T08:06:28-07:00
10.1002/ejoc.202001066,2020-09-29T07:39:52-07:00
10.1002/ejoc.202001131,2020-09-29T10:28:11-07:00
10.1002/ejoc.202001103,2020-09-29T10:50:30-07:00
10.1002/ejoc.202001282,2020-09-30T12:01:07-07:00
10.1002/ejoc.202001283,2020-09-30T12:01:51-07:00
10.1002/ejoc.202001284,2020-09-30T12:02:15-07:00
10.1002/ejoc.202001285,2020-09-30T12:02:26-07:00
10.1002/ejoc.202001157,2020-09-30T01:35:22-07:00
10.1002/ejoc.202001295,2020-09-30T07:46:45-07:00
10.1002/ejoc.202000961,2020-09-30T11:45:54-07:00
10.1002/ejoc.202001162,2020-10-01T02:13:29-07:00
10.1002/ejoc.202001278,2020-10-01T04:18:41-07:00
10.1002/ejoc.202001109,2020-10-02T09:20:27-07:00
10.1002/ejoc.202001242,2020-10-02T10:20:59-07:00
10.1002/ejoc.202001048,2020-10-05T12:00:00-07:00
10.1002/ejoc.202001114,2020-10-05T09:38:03-07:00
10.1002/ejoc.202001246,2020-10-05T09:38:04-07:00
10.1002/ejoc.202001123,2020-10-05T11:09:10-07:00
10.1002/ejoc.202001280,2020-10-06T03:17:59-07:00
10.1002/ejoc.202001101,2020-10-06T11:59:08-07:00
10.1002/ejoc.202001115,2020-10-07T05:10:00-07:00
10.1002/ejoc.202001172,2020-10-07T05:40:09-07:00
10.1002/ejoc.202001179,2020-10-07T10:26:28-07:00
10.1002/ejoc.202001183,2020-10-08T12:00:00-07:00
10.1002/ejoc.202001260,2020-10-08T06:41:14-07:00
10.1002/ejoc.202001146,2020-10-08T07:10:27-07:00
10.1002/ejoc.202001333,2020-10-12T08:12:03-07:00
10.1002/ejoc.202001229,2020-10-12T08:51:37-07:00
10.1002/ejoc.202001200,2020-10-12T07:24:27-07:00
10.1002/ejoc.202001258,2020-10-13T07:33:30-07:00
10.1002/ejoc.202001362,2020-10-14T12:00:00-07:00
10.1002/ejoc.202001219,2020-10-14T08:03:42-07:00
10.1002/ejoc.202001132,2020-10-14T12:55:57-07:00
10.1002/ejoc.202001349,2020-10-14T07:03:16-07:00
10.1002/ejoc.202001306,2020-10-15T07:59:16-07:00
10.1002/ejoc.202001001,2020-10-15T11:37:52-07:00
10.1002/ejoc.202001120,2020-10-16T05:06:01-07:00
10.1002/ejoc.202001344,2020-10-16T05:06:24-07:00
10.1002/ejoc.202001209,2020-10-16T08:06:49-07:00
10.1002/ejoc.202001194,2020-10-16T08:35:06-07:00
10.1002/ejoc.202001214,2020-10-16T09:38:12-07:00
10.1002/ejoc.202001300,2020-10-16T09:44:48-07:00
10.1002/ejoc.202001174,2020-10-19T03:47:46-07:00
10.1002/ejoc.202001317,2020-10-19T05:50:24-07:00
10.1002/ejoc.202001118,2020-10-20T04:41:09-07:00
10.1002/ejoc.202001088,2020-10-20T07:09:51-07:00
10.1002/ejoc.201900922,2020-10-20T07:12:58-07:00
10.1002/ejoc.202001337,2020-10-20T08:27:41-07:00
10.1002/ejoc.202001113,2020-10-20T10:29:06-07:00
10.1002/ejoc.202001264,2020-10-21T04:58:56-07:00
10.1002/ejoc.202001275,2020-10-21T06:32:34-07:00
10.1002/ejoc.202001329,2020-10-21T08:02:28-07:00
10.1002/ejoc.202001261,2020-10-22T12:45:10-07:00
10.1002/ejoc.202001314,2020-10-22T02:29:56-07:00
10.1002/ejoc.202001269,2020-10-22T03:13:22-07:00
10.1002/ejoc.202001389,2020-10-23T06:20:54-07:00
10.1002/ejoc.202001226,2020-10-23T07:47:29-07:00
10.1002/ejoc.202001313,2020-10-23T07:47:34-07:00
10.1002/ejoc.202001339,2020-10-26T07:16:40-07:00
10.1002/ejoc.202001386,2020-10-26T08:20:32-07:00
10.1002/ejoc.202001342,2020-10-27T08:23:47-07:00
10.1002/ejoc.202001363,2020-10-28T12:00:00-07:00
10.1002/ejoc.202001343,2020-10-28T04:24:08-07:00
10.1002/ejoc.202001334,2020-10-28T10:02:03-07:00
10.1002/ejoc.202001198,2020-10-29T04:19:06-07:00
10.1002/ejoc.202001340,2020-10-29T07:27:53-07:00
10.1002/ejoc.202001378,2020-10-30T04:33:16-07:00
10.1002/ejoc.202001290,2020-10-30T05:44:17-07:00
10.1002/ejoc.202001287,2020-10-30T05:53:24-07:00
10.1002/ejoc.202001408,2020-10-30T06:29:02-07:00
10.1002/ejoc.202001110,2020-10-30T06:33:45-07:00
10.1002/ejoc.202001245,2020-10-30T06:34:00-07:00
10.1002/ejoc.202001413,2020-10-30T09:56:02-07:00
10.1002/ejoc.202001266,2020-11-01T10:40:17-08:00
10.1002/ejoc.202001321,2020-11-02T08:37:27-08:00
10.1002/ejoc.202001286,2020-11-02T08:46:35-08:00
10.1002/ejoc.202001326,2020-11-02T07:12:15-08:00
10.1002/ejoc.202001387,2020-11-02T11:36:47-08:00
10.1002/ejoc.202001310,2020-11-03T12:30:02-08:00
10.1002/ejoc.202001289,2020-11-04T12:51:40-08:00
10.1002/ejoc.202001288,2020-11-04T12:52:25-08:00
10.1002/ejoc.202001247,2020-11-04T01:34:28-08:00
10.1002/ejoc.202001248,2020-11-04T01:34:47-08:00
10.1002/ejoc.202001031,2020-11-04T05:54:24-08:00
10.1002/ejoc.202001357,2020-11-05T02:04:08-08:00
10.1002/ejoc.202001020,2020-11-05T02:09:41-08:00
10.1002/ejoc.202001253,2020-11-06T01:20:55-08:00
10.1002/ejoc.202001379,2020-11-06T01:52:04-08:00
10.1002/ejoc.202001291,2020-11-06T05:12:05-08:00
10.1002/ejoc.202001292,2020-11-06T05:13:29-08:00
10.1002/ejoc.202001375,2020-11-06T05:16:15-08:00
10.1002/ejoc.202001376,2020-11-06T05:16:51-08:00
10.1002/ejoc.202001293,2020-11-06T05:17:24-08:00
10.1002/ejoc.202001294,2020-11-06T05:17:28-08:00
10.1002/ejoc.202001177,2020-11-06T07:25:02-08:00
10.1002/ejoc.202001296,2020-11-08T07:11:45-08:00
10.1002/ejoc.202001320,2020-11-08T08:33:35-08:00
10.1002/ejoc.202001238,2020-11-09T04:21:31-08:00
10.1002/ejoc.202001385,2020-11-09T07:09:54-08:00
10.1002/ejoc.202001382,2020-11-10T01:10:08-08:00
10.1002/ejoc.202001185,2020-11-11T01:28:42-08:00
10.1002/ejoc.202001391,2020-11-11T01:29:49-08:00
10.1002/ejoc.202001104,2020-11-11T05:07:21-08:00
10.1002/ejoc.202001233,2020-11-11T10:10:11-08:00
10.1002/ejoc.202001415,2020-11-11T01:09:53-08:00
10.1002/ejoc.202001267,2020-11-12T07:20:45-08:00
10.1002/ejoc.202001425,2020-11-12T07:21:10-08:00
10.1002/ejoc.202001328,2020-11-12T07:13:46-08:00
10.1002/ejoc.202001345,2020-11-12T07:15:29-08:00
10.1002/ejoc.202001371,2020-11-15T07:27:12-08:00
10.1002/ejoc.202001394,2020-11-15T07:28:36-08:00
10.1002/ejoc.202001211,2020-11-16T12:00:00-08:00
10.1002/ejoc.202001178,2020-11-16T05:34:27-08:00
10.1002/ejoc.202001395,2020-11-16T06:02:37-08:00
10.1002/ejoc.202001396,2020-11-16T06:02:55-08:00
10.1002/ejoc.202001155,2020-11-17T02:44:15-08:00
10.1002/ejoc.202001218,2020-11-17T03:17:08-08:00
10.1002/ejoc.202001303,2020-11-18T02:01:54-08:00
10.1002/ejoc.202001402,2020-11-18T06:24:43-08:00
10.1002/ejoc.202001397,2020-11-19T02:14:48-08:00
10.1002/ejoc.202001488,2020-11-20T03:59:09-08:00
10.1002/ejoc.201901598,2020-11-23T04:42:43-08:00
10.1002/ejoc.201901901,2020-11-23T04:43:01-08:00
10.1002/ejoc.202001442,2020-11-23T04:45:02-08:00
10.1002/ejoc.202000250,2020-11-23T04:46:44-08:00
10.1002/ejoc.201901565,2020-11-23T04:50:33-08:00
10.1002/ejoc.202001401,2020-11-23T04:51:42-08:00
10.1002/ejoc.202001270,2020-11-23T07:15:46-08:00
10.1002/ejoc.202001324,2020-11-23T07:16:00-08:00
10.1002/ejoc.202001369,2020-11-24T12:18:00-08:00
10.1002/ejoc.202001335,2020-11-24T02:50:42-08:00
10.1002/ejoc.202000220,2020-11-24T05:45:28-08:00
10.1002/ejoc.202001406,2020-11-24T08:15:43-08:00
10.1002/ejoc.202001354,2020-11-25T12:21:59-08:00
10.1002/ejoc.202001353,2020-11-26T04:20:36-08:00
10.1002/ejoc.202001347,2020-11-26T10:21:26-08:00
10.1002/ejoc.202001451,2020-11-26T01:18:34-08:00
10.1002/ejoc.202001499,2020-11-30T08:31:08-08:00
10.1002/ejoc.202001373,2020-12-02T12:30:51-08:00
10.1002/ejoc.202001404,2020-12-02T03:31:31-08:00
10.1002/ejoc.202001510,2020-12-02T03:45:37-08:00
10.1002/ejoc.202001276,2020-12-02T01:08:36-08:00
10.1002/ejoc.202000351,2020-05-20T12:00:00-07:00
10.1002/ejoc.202001465,2020-12-03T07:10:26-08:00
10.1002/ejoc.202001470,2020-12-04T12:00:00-08:00
10.1002/ejoc.202001564,2020-12-04T12:00:00-08:00
10.1002/ejoc.202001392,2020-12-04T12:00:00-08:00
10.1002/ejoc.202001460,2020-12-04T11:35:29-08:00
10.1002/ejoc.202001418,2020-12-05T12:00:00-08:00
10.1002/ejoc.202001544,2020-12-05T06:39:36-08:00
10.1002/ejoc.202001533,2020-12-08T12:00:00-08:00
10.1002/ejoc.202001455,2020-12-08T11:44:41-08:00
10.1002/ejoc.202001536,2020-12-08T11:45:35-08:00
10.1002/ejoc.202001466,2020-12-09T01:24:56-08:00
10.1002/ejoc.202001409,2020-12-09T01:27:59-08:00
10.1002/ejoc.202001438,2020-12-09T01:47:47-08:00
10.1002/ejoc.202001579,2020-12-10T08:49:50-08:00
10.1002/ejoc.202001554,2020-12-10T07:21:03-08:00
10.1002/ejoc.202001523,2020-12-11T06:25:13-08:00
10.1002/ejoc.202001591,2020-12-11T10:56:11-08:00
10.1002/ejoc.202001458,2020-12-11T01:24:14-08:00
10.1002/ejoc.202001494,2020-12-12T05:23:57-08:00
10.1002/ejoc.202001416,2020-12-14T07:01:23-08:00
10.1002/ejoc.202001532,2020-12-15T12:29:29-08:00
10.1002/ejoc.202001543,2020-12-15T12:59:39-08:00
10.1002/ejoc.202001561,2020-12-16T06:43:58-08:00
10.1002/ejoc.202001535,2020-12-16T06:44:09-08:00
10.1002/ejoc.202001593,2020-12-16T08:35:53-08:00
10.1002/ejoc.202001457,2020-12-16T11:11:28-08:00
10.1002/ejoc.202001469,2020-12-18T12:00:00-08:00
10.1002/ejoc.202001453,2020-12-18T12:00:00-08:00
10.1002/ejoc.202001505,2020-12-19T03:35:25-08:00
10.1002/ejoc.202001482,2020-12-19T04:33:12-08:00
10.1002/ejoc.202001623,2020-12-21T01:05:15-08:00
10.1002/ejoc.202001622,2020-12-21T01:40:26-08:00
10.1002/ejoc.202001598,2020-12-21T08:37:04-08:00
10.1002/ejoc.202001600,2020-12-21T08:37:24-08:00
10.1002/ejoc.202001597,2020-12-21T08:38:04-08:00
10.1002/ejoc.202001437,2020-12-21T09:51:16-08:00
10.1002/ejoc.202001193,2020-12-21T07:29:32-08:00
10.1002/ejoc.202001577,2020-12-22T12:00:00-08:00
10.1002/ejoc.202001570,2020-12-22T05:50:39-08:00
10.1002/ejoc.202001507,2020-12-23T11:50:20-08:00
10.1002/ejoc.202001446,2020-12-24T04:35:18-08:00
10.1002/ejoc.202001531,2020-12-26T01:02:31-08:00
10.1002/ejoc.202001514,2020-12-28T10:34:47-08:00
10.1002/ejoc.202001496,2020-12-29T05:08:01-08:00
10.1002/ejoc.202001472,2020-12-29T06:40:57-08:00
10.1002/ejoc.202001572,2020-12-29T10:16:37-08:00
10.1002/ejoc.202001517,2020-12-29T11:55:37-08:00
10.1002/ejoc.202001636,2020-12-30T03:25:21-08:00
10.1002/ejoc.202001485,2020-12-30T05:50:30-08:00
10.1002/ejoc.202001427,2020-12-30T07:31:38-08:00
10.1002/ejoc.202001302,2021-01-03T07:02:34-08:00
10.1002/ejoc.202001616,2021-01-05T11:38:30-08:00
10.1002/ejoc.202001439,2021-01-07T05:10:38-08:00
10.1002/ejoc.202001359,2021-01-07T05:51:11-08:00
10.1002/ejoc.202001297,2021-01-07T07:40:50-08:00
10.1002/ejoc.202001530,2021-01-07T10:25:20-08:00
10.1002/ejoc.202001634,2021-01-07T07:24:04-08:00
10.1002/ejoc.202001635,2021-01-11T12:00:00-08:00
10.1002/ejoc.202001619,2021-01-11T03:23:39-08:00
10.1002/ejoc.202001581,2021-01-11T10:20:16-08:00
10.1002/ejoc.202100017,2021-01-11T12:11:51-08:00
10.1002/ejoc.202001584,2021-01-12T12:54:06-08:00
10.1002/ejoc.202001610,2021-01-12T07:16:15-08:00
10.1002/ejoc.202001602,2021-01-12T07:18:18-08:00
10.1002/ejoc.202001538,2021-01-14T03:30:00-08:00
10.1002/ejoc.202001638,2021-01-14T07:01:54-08:00
10.1002/ejoc.202001596,2021-01-14T07:00:42-08:00
10.1002/ejoc.202001667,2021-01-14T11:43:03-08:00
10.1002/ejoc.202001633,2021-01-15T09:10:56-08:00
10.1002/ejoc.202001420,2021-01-15T09:42:26-08:00
10.1002/ejoc.202001646,2021-01-15T07:00:24-08:00
10.1002/ejoc.202001647,2021-01-16T12:00:00-08:00
10.1002/ejoc.202001528,2021-01-16T07:05:07-08:00
10.1002/ejoc.202001479,2021-01-16T07:06:42-08:00
10.1002/ejoc.202001484,2021-01-16T08:10:16-08:00
10.1002/ejoc.202001501,2021-01-16T08:11:18-08:00
10.1002/ejoc.202001493,2021-01-16T08:12:39-08:00
10.1002/ejoc.202001650,2021-01-18T01:29:17-08:00
10.1002/ejoc.202001542,2021-01-18T08:07:24-08:00
10.1002/ejoc.202001640,2021-01-18T09:39:18-08:00
10.1002/ejoc.202001666,2021-01-19T06:48:33-08:00
10.1002/ejoc.202001599,2021-01-19T06:49:06-08:00
10.1002/ejoc.202100036,2021-01-19T06:49:08-08:00
10.1002/ejoc.202100037,2021-01-19T06:49:37-08:00
10.1002/ejoc.202001428,2021-01-19T08:54:24-08:00
10.1002/ejoc.202001569,2021-01-20T07:16:21-08:00
10.1002/ejoc.202100056,2021-01-21T03:43:58-08:00
10.1002/ejoc.202001555,2021-01-21T03:46:15-08:00
10.1002/ejoc.202001475,2021-01-22T05:07:47-08:00
10.1002/ejoc.202001330,2021-01-22T06:17:22-08:00
10.1002/ejoc.202001613,2021-01-22T08:20:05-08:00
10.1002/ejoc.202100032,2021-01-22T09:14:30-08:00
10.1002/ejoc.202100035,2021-01-23T01:02:09-08:00
10.1002/ejoc.202001618,2021-01-25T12:22:22-08:00
10.1002/ejoc.202001592,2021-01-25T04:17:14-08:00
10.1002/ejoc.202001614,2021-02-26
10.1002/ejoc.202001658,2021-03-01
10.1002/ejoc.202100011,2021-03-03
10.1002/ejoc.202100167,2021-03-10
10.1002/ejoc.202100086,2021-03-12
10.1002/ejoc.202100073,2021-03-16
10.1002/ejoc.202001588,2021-03-18
10.1002/ejoc.202001424,2021-03-23
10.1002/ejoc.202100138,2021-03-24
10.1002/ejoc.202100188,2021-03-24
10.1002/ejoc.202100173,2021-03-25
10.1002/ejoc.202100290,2021-03-26
10.1002/ejoc.202100230,2021-03-26
10.1002/ejoc.202100269,2021-03-26
10.1002/ejoc.202100044,2021-03-26
10.1002/ejoc.202100288,2021-03-26
10.1002/ejoc.202100176,2021-03-26
10.1002/ejoc.202100184,2021-03-26
10.1002/ejoc.202100199,2021-03-29
10.1002/ejoc.202100133,2021-03-29
10.1002/ejoc.202100247,2021-03-30
10.1002/ejoc.202100296,2021-03-30
10.1002/ejoc.202100312,2021-03-30
10.1002/ejoc.202100335,2021-04-01
10.1002/ejoc.202100344,2021-04-01
10.1002/ejoc.202100275,2021-04-01
10.1002/ejoc.202100241,2021-04-05
10.1002/ejoc.202100293,2021-04-06
10.1002/ejoc.202100291,2021-04-06
10.1002/ejoc.202100332,2021-04-06
10.1002/ejoc.202100109,2021-04-06
10.1002/ejoc.202100134,2021-04-06
10.1002/ejoc.202100117,2021-04-06
10.1002/ejoc.202100179,2021-04-06
10.1002/ejoc.202100213,2021-04-06
10.1002/ejoc.202100174,2021-04-06
10.1002/ejoc.202100294,2021-04-07
10.1002/ejoc.202100261,2021-04-07
10.1002/ejoc.202100352,2021-04-07
10.1002/ejoc.202100215,2021-04-07
10.1002/ejoc.202100313,2021-04-07
10.1002/ejoc.202100235,2021-04-08
10.1002/ejoc.202001641,2021-04-08
10.1002/ejoc.202100122,2021-04-09
10.1002/ejoc.202100204,2021-04-09
10.1002/ejoc.202100243,2021-04-12
10.1002/ejoc.202100212,2021-04-12
10.1002/ejoc.202100185,2021-04-12
10.1002/ejoc.202100268,2021-04-13
10.1002/ejoc.202100216,2021-04-13
10.1002/ejoc.202100172,2021-04-13
10.1002/ejoc.202100383,2021-04-13
10.1002/ejoc.202100377,2021-04-13
10.1002/ejoc.202100146,2021-04-14
10.1002/ejoc.202100331,2021-04-14
10.1002/ejoc.202100251,2021-04-14
10.1002/ejoc.202100198,2021-04-14
10.1002/ejoc.202100208,2021-04-14
10.1002/ejoc.202100195,2021-04-14
10.1002/ejoc.202100183,2021-04-14
10.1002/ejoc.202100250,2021-04-15
10.1002/ejoc.202100323,2021-04-15
10.1002/ejoc.202100240,2021-04-15
10.1002/ejoc.202100327,2021-04-15
10.1002/ejoc.202100232,2021-04-15
10.1002/ejoc.202100278,2021-04-16
10.1002/ejoc.202100270,2021-04-16
10.1002/ejoc.202100236,2021-04-16
10.1002/ejoc.202100381,2021-04-17
10.1002/ejoc.202100305,2021-04-17
10.1002/ejoc.202100026,2021-04-17
10.1002/ejoc.202100376,2021-04-17
10.1002/ejoc.202100375,2021-04-17
10.1002/ejoc.202100348,2021-04-17,2021-04-18
10.1002/ejoc.202100304,2021-04-19
10.1002/ejoc.202100115,2021-04-19
10.1002/ejoc.202100286,2021-04-19
10.1002/ejoc.202100125,2021-04-19
10.1002/ejoc.202100309,2021-04-19
10.1002/ejoc.202100420,2021-04-20
10.1002/ejoc.202100349,2021-04-20
10.1002/ejoc.202100370,2021-04-20
10.1002/ejoc.202100447,2021-04-20
10.1002/ejoc.202100458,2021-04-20
10.1002/ejoc.202100457,2021-04-20
10.1002/ejoc.202100466,2021-04-20
10.1002/ejoc.202100467,2021-04-20
10.1002/ejoc.202100027,2021-04-21
10.1002/ejoc.202100267,2021-04-21
10.1002/ejoc.202100194,2021-04-21
10.1002/ejoc.202100049,2021-04-21
10.1002/ejoc.202100106,2021-04-21
10.1002/ejoc.202100362,2021-04-22
10.1002/ejoc.202100299,2021-04-22
10.1002/ejoc.202100409,2021-04-22
10.1002/ejoc.202100345,2021-04-22
10.1002/ejoc.202001671,2021-04-22
10.1002/ejoc.202100276,2021-04-23
10.1002/ejoc.202100338,2021-04-23
10.1002/ejoc.202100361,2021-04-23
10.1002/ejoc.202100260,2021-04-26
10.1002/ejoc.202100311,2021-04-26
10.1002/ejoc.202100328,2021-04-26
10.1002/ejoc.202100378,2021-04-27
10.1002/ejoc.202100423,2021-04-28
10.1002/ejoc.202100326,2021-04-29
10.1002/ejoc.202100244,2021-05-02
10.1002/ejoc.202100341,2021-05-03
10.1002/ejoc.202100315,2021-05-03
10.1002/ejoc.202100385,2021-05-04
10.1002/ejoc.202100245,2021-05-04
10.1002/ejoc.202100414,2021-05-05
10.1002/ejoc.202100324,2021-05-05
10.1002/ejoc.202100350,2021-05-05
10.1002/ejoc.202100500,2021-05-05
10.1002/ejoc.202100272,2021-05-06
10.1002/ejoc.202100301,2021-05-06
10.1002/ejoc.202100521,2021-05-06
10.1002/ejoc.202100532,2021-05-06
10.1002/ejoc.202100530,2021-05-06
10.1002/ejoc.202100533,2021-05-06
10.1002/ejoc.202100534,2021-05-06
10.1002/ejoc.202100258,2021-05-06
10.1002/ejoc.202100384,2021-05-07
10.1002/ejoc.202100239,2021-05-07
10.1002/ejoc.202100343,2021-05-07
10.1002/ejoc.202100471,2021-05-07
10.1002/ejoc.202100510,2021-05-07
10.1002/ejoc.202100535,2021-05-08
10.1002/ejoc.202100432,2021-05-08
10.1002/ejoc.202100357,2021-05-09
10.1002/ejoc.202100537,2021-05-09
10.1002/ejoc.202100412,2021-05-09
10.1002/ejoc.202100336,2021-05-09
10.1002/ejoc.202100280,2021-05-10
10.1002/ejoc.202100368,2021-05-10
10.1002/ejoc.202100279,2021-05-10
10.1002/ejoc.202100485,2021-05-10
10.1002/ejoc.202100363,2021-05-11
10.1002/ejoc.202100474,2021-05-11
10.1002/ejoc.202100439,2021-05-11
10.1002/ejoc.202100394,2021-05-11
